# {"t_start": 1587090840.494394, "env_id": "Walker2d-v2"} 
r,l,t
4.702069,14,0.658298
-6.549058,32,0.696129
-13.894881,14,0.712457
1.052233,12,0.726582
-3.912624,14,0.742373
-1.994262,11,0.754797
0.447905,13,0.769694
1.612062,14,0.784152
-8.45414,15,0.801357
2.828788,19,0.823504
2.186117,15,0.84099
7.354624,21,0.86555
-4.684513,22,0.89099
-4.151443,14,0.907295
-2.594709,16,0.925337
-4.205363,17,0.944561
3.743203,19,0.966382
2.354897,21,0.99003
0.998356,15,1.00731
-3.191442,14,1.023347
-2.896308,10,1.03497
-3.023466,13,1.050628
3.123669,13,1.065483
-2.953639,11,1.078145
-5.8884,10,1.090254
-4.017482,18,1.111244
2.322124,16,1.130878
-3.091852,14,1.147655
-8.18528,22,1.174527
-1.639127,10,1.186686
-3.31983,22,1.214049
1.233222,17,1.234074
-2.291546,12,1.249241
-0.935741,19,1.271915
-5.1005,25,1.301454
0.407121,16,1.320962
14.939179,32,1.358682
-1.634746,26,1.388556
-0.786422,10,1.401198
0.644149,9,1.412148
0.577158,14,1.428957
-5.200437,14,1.445936
-0.313993,16,1.46429
-1.453417,10,1.477569
8.033628,28,1.50991
1.116551,14,1.526944
1.780338,35,1.569753
-7.071592,9,1.580697
2.800306,27,1.612877
-0.998,15,1.630172
-5.865942,22,1.656415
-0.825757,11,1.671057
-2.349617,23,1.698477
0.052645,15,1.716601
-10.282253,43,1.766891
-2.164676,9,1.777714
-1.190501,16,1.797013
-0.143175,19,1.820468
-6.073039,15,1.837684
-2.940756,13,1.85455
7.193649,34,1.894552
0.44605,21,1.919406
-3.738455,18,1.941158
8.144527,27,1.972589
-2.163338,16,1.991486
-3.374034,16,2.010054
-3.50989,11,2.023083
-2.82116,14,2.039036
0.94475,14,2.055024
2.289847,13,2.069565
-4.214522,13,2.085181
2.012422,16,2.104027
5.38521,17,2.1222
1.28865,19,2.145143
-3.095554,24,2.173369
3.27621,25,2.201854
3.001998,15,2.218656
1.229662,25,2.250415
0.729365,13,2.265963
5.942446,21,2.291287
-1.650912,14,2.308453
4.763568,15,2.325553
-1.194794,12,2.339979
-9.769684,17,2.360199
-3.201759,11,2.373749
-5.313667,32,2.413859
-0.118782,25,2.445587
-6.917395,12,2.460547
7.423084,27,2.493432
-5.185797,15,2.513213
-2.643317,8,2.523528
-2.750036,13,2.539074
0.247689,17,2.56052
2.521135,20,2.58683
2.551795,18,2.609158
1.78699,18,2.632814
4.14171,34,2.673607
-9.800123,17,2.693513
2.344586,21,2.718754
7.234004,22,2.746449
2.052321,15,2.765451
-1.888041,15,2.783433
0.415848,10,2.795055
7.141672,30,2.831735
-1.670189,9,2.842015
0.196408,29,2.876147
-4.37641,11,2.889202
1.544349,32,2.926665
-0.878363,17,2.946865
-4.940836,10,2.958809
-0.476394,9,2.970123
-3.052698,14,2.986502
-0.505149,14,3.003225
2.417379,17,3.022955
11.634059,23,3.050417
-6.217955,18,3.071991
2.716656,13,3.465697
-3.953941,24,3.495514
0.377712,11,3.50862
-3.801574,15,3.527767
0.423429,9,3.539028
6.981711,30,3.574625
3.28114,20,3.598213
10.419627,19,3.621189
8.107538,18,3.64275
-0.709725,17,3.662343
12.69431,29,3.695215
-4.362987,8,3.70406
-1.853116,19,3.725363
6.274775,24,3.753438
-0.535983,12,3.767058
-3.018278,8,3.777156
1.156927,22,3.804105
6.575519,25,3.83499
6.242887,17,3.856844
-5.148896,21,3.881208
2.280254,18,3.902133
4.781937,18,3.922633
3.39638,22,3.947576
3.654944,17,3.967073
1.408548,14,3.982787
-1.858867,16,4.000851
-3.907813,8,4.010049
-1.013263,12,4.023875
9.222136,27,4.055008
-0.742844,31,4.092277
9.097194,26,4.124693
-2.925415,13,4.141091
5.662735,24,4.168743
-10.430096,22,4.194896
-0.43188,12,4.208959
-0.245549,15,4.22594
1.233253,13,4.240512
5.800737,28,4.271826
-5.41316,18,4.291559
-1.27654,12,4.304978
-3.720646,10,4.316764
-1.649728,10,4.328364
4.98424,14,4.344841
2.790501,16,4.362397
5.545844,22,4.386782
7.631587,32,4.4225
1.86845,14,4.439388
8.311911,20,4.462477
1.828403,22,4.488897
1.307369,12,4.502961
-1.18627,14,4.519781
-0.89671,11,4.532084
8.653147,45,4.583435
1.631552,15,4.600974
4.067009,27,4.632958
0.634897,21,4.656528
8.576027,18,4.67652
1.097132,18,4.696554
-1.106966,12,4.70978
4.277023,15,4.728998
-3.635297,28,4.763227
-2.781544,11,4.775446
-6.174767,13,4.791377
8.922778,24,4.820582
-1.719237,13,4.834968
-5.34433,12,4.848282
4.190855,31,4.884073
-5.591719,21,4.908767
7.755406,19,4.930796
0.872021,15,4.948212
-0.018479,27,4.979217
-2.524327,43,5.028785
0.778187,22,5.054866
-2.034679,15,5.071753
-2.37971,19,5.093985
5.230065,24,5.12127
0.714186,13,5.137172
3.690225,30,5.171998
-1.255991,11,5.185021
4.17632,14,5.200685
-7.81985,19,5.222938
0.753802,11,5.235859
0.450466,15,5.253048
-1.843215,8,5.262911
2.742349,20,5.285684
13.360138,29,5.318201
-3.327996,21,5.342158
1.22799,16,5.360443
-2.435446,7,5.368646
3.084743,13,5.383862
0.429509,29,5.418377
3.506009,14,5.433834
1.546651,24,5.46001
-1.098712,24,5.486115
3.588319,17,5.504696
-5.149249,15,5.520962
-7.785066,24,5.547759
9.594605,25,5.575839
0.731956,13,5.58997
18.014716,39,5.6354
-3.492866,15,5.653287
4.535744,28,5.686556
5.377284,17,5.706139
1.79696,13,5.720732
-0.337035,24,5.748071
-3.709385,23,5.773943
-2.884693,14,5.78985
-4.228468,14,5.806088
7.896014,35,6.139305
-1.543995,10,6.150589
15.343228,41,6.200667
6.364942,19,6.222286
9.360155,31,6.2584
0.868906,15,6.275897
13.312429,31,6.311484
4.028053,33,6.350374
-0.176674,12,6.364633
11.517092,28,6.396164
0.801359,17,6.416738
33.40614,52,6.475436
1.608507,21,6.500379
-3.67757,17,6.519648
6.929731,26,6.550592
9.155846,29,6.584671
-1.444304,9,6.594623
12.143473,25,6.623665
9.505282,30,6.657621
-2.722372,16,6.675546
5.642432,22,6.699661
7.372355,20,6.722392
-1.241317,18,6.7449
-1.536843,11,6.758643
0.235104,19,6.779663
-4.696135,15,6.797501
0.693394,13,6.81254
4.634849,27,6.843598
0.391482,19,6.865334
2.730868,16,6.885467
3.24921,43,6.936305
-2.402771,9,6.947286
9.092376,45,7.001256
27.797685,58,7.069445
8.124106,19,7.092465
-0.926817,10,7.104742
0.625779,11,7.117556
1.714977,12,7.131827
-1.004445,9,7.143071
5.35453,23,7.169717
15.144017,28,7.202517
0.413572,11,7.216238
13.977193,29,7.250279
7.010223,17,7.269914
1.113626,36,7.312277
7.626577,23,7.338502
-1.492826,26,7.369116
-5.654535,13,7.384464
15.558647,32,7.421828
6.940223,25,7.450867
9.515661,25,7.480114
7.819004,27,7.512208
14.347635,26,7.54225
7.835847,16,7.560026
-3.108071,26,7.592475
13.569398,25,7.622756
-4.144109,10,7.637157
-2.643103,19,7.6602
4.850875,14,7.676592
2.266301,23,7.704762
-1.700043,17,7.725552
30.483183,44,7.783978
2.697912,15,7.801459
8.004092,28,7.836433
22.75166,38,7.882738
18.904228,37,7.926457
11.762522,34,7.965834
12.093102,24,7.994883
4.953896,26,8.025607
-1.560837,17,8.046668
2.361424,17,8.065969
16.55611,35,8.107668
7.232005,18,8.128472
2.140099,17,8.148314
4.002653,13,8.163824
1.766346,27,8.197296
-0.197004,10,8.209004
1.714492,11,8.221444
-3.331531,9,8.231854
2.9001,24,8.26159
-1.285213,9,8.272852
-2.17206,10,8.28485
7.819308,21,8.309708
0.696746,20,8.333857
7.666147,46,8.389781
8.737011,41,8.442934
8.996738,42,8.493964
72.994314,89,8.925342
48.521465,60,8.999626
13.501777,62,9.070924
13.570607,28,9.106185
7.675095,18,9.126743
3.534313,15,9.144099
5.425115,33,9.179519
-6.349537,19,9.199014
16.074979,62,9.274868
5.575855,18,9.297018
1.837336,26,9.32686
19.507658,34,9.366195
10.373873,27,9.39761
4.821063,16,9.416183
8.031256,25,9.447069
4.400653,17,9.469102
0.845719,10,9.48118
26.903886,38,9.525213
7.556801,18,9.545985
16.299731,32,9.583037
16.835492,38,9.625072
12.133258,35,9.663907
3.295631,17,9.683338
3.099219,20,9.705667
13.18816,27,9.737318
6.895793,32,9.774377
8.76824,23,9.802177
5.954756,17,9.822782
8.931782,38,9.867701
6.068776,18,9.888866
0.027574,13,9.903547
25.697329,54,9.963023
6.069771,17,9.98164
10.792102,20,10.004094
-1.249881,16,10.023096
23.252445,63,10.093554
17.775295,83,10.186308
70.1455,89,10.288502
5.454395,27,10.319784
18.587286,34,10.360388
2.530899,13,10.375906
48.518484,68,10.454576
16.866801,65,10.527113
11.982549,37,10.571652
1.043668,17,10.592668
26.407827,44,10.643372
19.535852,32,10.680184
32.900743,57,10.745236
-1.977285,18,10.765188
31.695662,49,10.821364
11.217171,24,10.850491
5.089167,30,10.884645
7.00057,29,10.918617
6.717344,20,10.941924
7.990751,26,10.971143
-1.964024,10,10.983669
19.429969,34,11.02309
1.912392,11,11.035503
1.638812,13,11.049888
43.71303,65,11.125082
3.649437,19,11.147386
16.040513,45,11.197497
2.498082,15,11.215377
-0.88401,10,11.227242
30.294721,34,11.567773
14.376274,42,11.61679
18.497519,39,11.662267
19.044522,42,11.710393
159.085535,109,11.844277
108.307948,93,11.949104
24.458391,33,11.984983
37.528283,76,12.069817
30.359915,61,12.141725
5.023613,29,12.177313
3.419512,31,12.213206
58.065154,91,12.31782
8.129949,21,12.342091
21.290306,35,12.381984
8.340882,23,12.407999
-0.669321,26,12.438193
9.766922,58,12.506544
3.599123,14,12.523461
19.025147,63,12.594133
2.390883,88,12.695938
137.238753,160,12.886989
8.921375,50,12.945823
43.431461,59,13.015947
22.060548,65,13.093124
-4.381629,7,13.102326
31.814616,63,13.177283
13.522288,28,13.209852
9.985467,21,13.234725
56.609335,61,13.308156
1.69305,16,13.327493
21.956079,36,13.37059
23.154183,41,13.418931
59.681603,67,13.496633
56.01839,117,13.633148
13.900226,32,13.668716
22.485375,53,13.730906
30.446509,42,13.779976
23.140037,53,13.843577
1.154973,10,13.856471
39.421657,64,13.934665
36.055593,49,14.339966
22.980202,31,14.37875
12.783459,41,14.431186
41.335959,65,14.51285
9.030833,79,14.607444
59.968606,91,14.718168
10.730061,28,14.751073
97.371367,122,14.891215
22.328612,41,14.939926
39.075328,59,15.008956
25.820537,49,15.064558
51.812909,112,15.186143
4.781591,16,15.207504
52.253597,69,15.289991
33.671997,52,15.348956
13.668808,24,15.375387
14.846412,44,15.421749
225.265949,126,15.56084
22.825127,42,15.610383
36.802418,51,15.670773
44.387451,201,15.903429
22.046876,47,15.957284
65.20081,79,16.046678
83.175904,115,16.181904
12.269152,25,16.211377
-4.799474,103,16.325521
71.269765,117,16.454576
60.069404,79,16.541436
216.890216,187,17.05137
51.837533,65,17.125517
21.251207,39,17.16896
31.524618,67,17.244528
21.372887,33,17.281004
65.857646,94,17.390941
66.784632,60,17.458605
21.525875,40,17.502595
43.163071,74,17.585499
22.721532,117,17.722567
20.955916,42,17.772591
107.811764,203,18.000117
61.694855,109,18.12627
266.368117,145,18.288668
48.865505,56,18.35378
38.956428,64,18.425915
372.730635,257,18.720027
5.1884,15,18.736802
230.266737,142,18.901571
24.486738,38,18.947207
101.834966,245,19.234399
14.475043,48,19.292609
49.70087,173,19.818919
33.28798,95,19.929855
6.996093,20,19.95378
444.540656,338,20.357703
20.853848,46,20.416249
106.329488,108,20.551076
226.797764,122,20.698132
306.363558,183,20.919033
14.956145,31,20.955242
243.499921,141,21.112869
119.233104,173,21.314199
32.016853,46,21.36471
246.737484,171,21.562294
250.225298,177,21.764156
141.410197,119,21.900383
65.653328,83,21.997314
213.242686,123,22.42341
195.842808,113,22.551875
274.908098,186,22.761001
14.21383,155,22.939877
33.538689,136,23.103767
193.94744,340,23.509204
86.128604,239,23.794126
288.382291,197,24.02578
137.809512,341,24.436257
21.650393,56,24.502769
4.037709,101,24.621341
99.623804,98,24.737531
38.231934,131,25.232543
38.297679,98,25.344357
17.920244,39,25.393927
70.440011,204,25.626761
269.152883,192,25.85288
350.173805,256,26.149778
52.522393,124,26.289059
28.066524,152,26.457136
161.04386,183,26.66671
302.954934,160,26.840866
170.783784,287,27.170301
264.19929,185,27.383322
203.400126,171,27.895077
378.460921,260,28.184022
156.50418,353,28.597096
214.113026,118,28.738346
191.125025,108,28.867051
211.055575,133,29.023486
272.081977,177,29.22786
225.825509,143,29.394327
13.534978,135,29.56334
22.912729,162,29.753068
344.135022,213,30.00301
281.846877,144,30.479398
262.654856,149,30.665838
31.22264,43,30.717542
311.244217,238,30.996878
37.439837,247,31.280165
331.474131,264,31.584732
19.645357,96,31.694336
105.829478,175,31.898421
385.628441,360,32.308479
293.071064,184,32.516429
123.452566,118,32.649675
367.249594,303,33.29656
393.333679,275,33.612583
307.143176,212,33.859384
214.000956,424,34.327757
265.95212,192,34.540789
256.518824,144,34.708142
489.373741,430,35.202788
221.644893,149,35.367766
286.284989,200,35.905576
316.224845,221,36.160203
286.59941,164,36.348442
135.760327,84,36.443818
312.010786,210,36.685407
257.680068,170,36.886809
336.098411,223,37.141228
430.843666,245,37.41301
212.343673,137,37.567823
80.275921,179,37.763023
236.301115,161,37.942085
282.286774,197,38.452433
145.463844,221,38.70201
242.106893,130,38.841336
222.348509,138,38.995365
240.745804,143,39.158412
272.744509,172,39.352284
307.78682,192,39.570225
495.699573,408,40.029967
148.057467,276,40.339715
335.952102,210,40.577129
322.284997,189,41.104618
389.516444,265,41.403989
249.634884,150,41.57604
283.291613,177,41.778558
292.73366,159,41.959133
260.394359,388,42.403766
217.342719,138,42.562537
270.56443,161,42.741661
255.383543,156,42.92217
284.00889,176,43.116185
202.524269,122,43.250029
303.988321,174,43.746737
414.152288,267,44.057571
324.164754,255,44.341205
298.85967,415,44.826092
371.247931,246,45.107529
264.29557,160,45.292848
281.998628,282,45.609718
259.098916,158,45.792898
259.302152,159,46.280716
315.868125,169,46.481144
248.536293,140,46.639414
382.021273,237,46.909533
486.156524,333,47.283441
264.964624,387,47.737038
359.73031,217,47.998767
340.090229,205,48.242228
288.04657,166,48.437165
215.928182,121,48.583112
428.466966,247,49.163649
440.399148,245,49.444558
333.992089,231,49.705279
381.836036,232,49.965083
336.502285,188,50.177669
405.779799,252,50.460175
342.266598,194,50.676289
365.323223,246,50.955824
277.584268,173,51.154007
343.815441,206,51.673341
277.885905,167,51.857943
319.104653,167,52.041158
533.45554,361,52.457476
421.813853,263,52.751614
297.490387,174,52.948145
389.44057,267,53.249126
279.953442,142,53.40754
398.694613,243,53.681621
194.732682,107,53.803342
398.260133,222,54.32992
248.064906,154,54.495795
292.450456,153,54.662721
357.618028,180,54.863981
368.650718,222,55.114353
360.260032,196,55.334698
66.946003,183,55.538376
315.206834,158,55.717183
263.007755,135,55.871729
284.347448,146,56.045154
402.710675,285,56.386399
246.07041,127,56.83277
306.642049,154,57.010148
351.401938,215,57.248809
282.014213,163,57.427712
244.637756,140,57.585314
460.393948,269,57.907391
291.550304,152,58.079289
341.04575,167,58.266679
282.634446,173,58.462003
273.607313,137,58.616244
410.859068,227,58.869769
363.247773,199,59.380111
411.553412,284,59.703287
416.398033,252,59.974392
446.783759,294,60.302478
255.663948,131,60.448217
507.18708,330,60.820684
437.124807,249,61.102694
281.591589,154,61.274645
368.854725,194,61.491046
500.820268,348,62.180719
258.26288,130,62.33172
406.523557,251,62.621755
286.496466,141,62.77538
304.598958,158,62.953762
345.023227,192,63.17183
219.745268,121,63.310326
396.949497,224,63.548565
417.215643,280,63.867186
364.583292,209,64.10533
290.959652,160,64.579255
367.000881,227,64.840916
296.934103,153,65.015246
339.327901,194,65.23145
339.407861,181,65.435189
336.416005,157,65.612742
294.223844,169,65.804996
284.648676,157,65.983696
306.951198,166,66.169033
406.778187,225,66.422638
427.791057,264,66.720755
343.185051,171,67.204152
279.450951,152,67.370076
385.115469,236,67.640728
376.120338,217,67.880786
363.776616,184,68.089243
315.595897,167,68.273767
298.681432,159,68.453212
281.040819,151,68.620933
297.096654,150,68.790987
325.824436,170,68.977626
353.165633,194,69.199427
418.228572,263,69.788547
222.641632,395,70.232457
406.30662,239,70.497598
235.797535,122,70.633739
371.265636,215,70.871837
317.434377,186,71.081338
358.803295,191,71.294457
299.632533,165,71.478753
278.811393,131,71.626311
322.768871,164,71.809291
304.441593,159,71.9858
331.72798,195,72.495314
372.248079,217,72.745197
423.407545,221,72.990978
62.443571,189,73.207602
263.363916,154,73.382289
353.135816,189,73.597519
394.643635,214,73.838287
339.735209,171,74.03098
445.941221,287,74.348744
294.867681,174,74.543273
321.889327,156,75.005455
360.330535,213,75.247012
364.465892,209,75.488256
339.998241,165,75.677882
302.408525,183,75.878578
412.695373,220,76.126139
506.197437,306,76.47991
233.743412,118,76.613912
322.215592,174,76.807516
416.139686,216,77.056007
103.2671,192,77.559279
263.042677,123,77.698882
280.505674,130,77.847283
391.904566,232,78.110255
353.62576,186,78.320852
355.689381,173,78.51734
249.845298,139,78.676685
249.66481,129,78.817738
-0.439111,15,78.834543
291.234637,146,78.997985
362.36824,187,79.206248
329.674451,193,79.428368
344.609811,174,79.627451
318.233763,168,79.819802
316.788179,168,80.298564
395.270414,220,80.542384
288.93419,145,80.705702
282.374705,147,80.871847
389.113458,209,81.107134
336.268031,172,81.2863
448.631517,295,81.613655
336.797043,175,81.812202
321.466033,175,82.01027
368.538332,198,82.235127
281.662627,140,82.39332
304.891411,168,82.892276
299.968589,159,83.082387
343.592033,199,83.319358
409.825676,256,83.616063
346.134368,177,83.839033
367.788733,181,84.054851
310.19595,153,84.233238
371.131173,184,84.473679
400.321419,198,84.701878
386.633605,185,84.912278
303.195267,148,85.071105
327.884766,152,85.538779
515.15224,335,85.922597
331.524695,187,86.133731
520.551489,348,86.692407
432.651764,256,87.055753
304.375963,155,87.251996
430.216664,229,87.708451
294.63747,155,87.890521
349.573267,159,88.071543
432.27194,247,88.706559
297.517619,163,88.931061
270.991076,141,89.109543
521.9902,321,89.493043
419.484071,228,89.755704
302.976284,163,89.941892
393.262059,217,90.183522
474.430679,260,90.479402
376.028058,197,90.705921
296.712675,133,90.855218
323.957875,157,91.351438
421.345576,217,91.599889
379.434755,196,91.833616
326.727164,149,92.004905
352.896118,180,92.248552
332.217896,172,92.462859
329.396998,159,92.66656
383.579334,193,92.902161
334.493126,162,93.172446
355.338077,176,93.413575
329.63682,165,93.624469
312.204664,154,93.822431
445.149594,233,94.452331
271.813032,132,94.614154
380.129865,200,94.856086
311.864193,138,95.028945
295.121497,159,95.240415
422.517923,238,95.556005
299.213391,165,95.785279
421.783808,200,96.031036
289.176351,127,96.186758
456.712782,238,96.477819
408.863809,217,96.734786
325.931041,165,97.233976
449.35337,260,97.525738
405.853155,197,97.754763
364.411674,184,97.966788
392.021042,238,98.238514
364.444831,175,98.432662
433.301795,196,98.644219
338.553725,174,98.839119
271.288817,126,98.97795
362.550607,185,99.190584
408.821623,189,99.394215
395.596158,177,99.893042
274.438328,139,100.04632
295.141323,140,100.203221
357.558535,190,100.418645
290.031668,139,100.575183
364.239942,182,100.781702
287.079038,144,100.946906
410.26221,198,101.173252
334.792526,170,101.361169
387.760772,173,101.556786
334.360977,164,101.744672
329.713298,166,101.955487
369.067946,183,102.462683
397.908596,188,102.692972
408.314018,214,102.957311
410.930577,222,103.237133
385.455899,202,103.48223
371.331504,194,103.718782
353.457471,158,103.914329
395.781102,192,104.145944
333.736673,166,104.334908
284.849057,129,104.475124
385.615605,177,104.674197
309.955031,147,105.143405
343.881466,150,105.317935
375.605422,184,105.528485
450.262407,239,105.795499
378.005685,168,105.987487
413.955183,188,106.200452
426.760866,201,106.427422
327.524175,160,106.607857
336.739434,149,106.781161
306.241296,152,106.954417
376.846327,180,107.159057
445.689753,207,107.392318
592.317199,271,107.988742
317.019075,140,108.147654
301.497294,152,108.312371
415.584784,227,108.565176
318.542844,151,108.731357
305.514919,134,108.892577
361.016712,173,109.090142
356.107144,199,109.340827
370.495357,155,109.524338
474.197432,198,109.761458
316.356802,141,109.930422
411.441429,166,110.129763
321.198268,160,110.671505
380.205499,178,110.886411
390.518466,160,111.078009
443.662603,240,111.366543
293.67674,138,111.5249
498.57425,229,111.805253
287.923078,144,111.978844
391.32326,217,112.233647
400.589653,166,112.430533
297.150518,135,112.593371
359.020778,153,112.775638
312.941791,150,113.614966
428.759872,178,113.933225
440.345806,192,114.182768
516.684637,224,114.478709
327.422209,150,114.663446
342.13734,163,114.877408
319.755631,148,115.054081
344.367491,162,115.275143
328.560537,156,115.48549
479.412417,176,115.721763
399.491679,183,115.963786
312.255844,144,116.175387
382.014564,194,116.7209
273.159015,128,116.882794
310.28095,138,117.052446
308.785742,140,117.220671
358.339527,161,117.427891
300.724506,140,117.597731
304.716495,127,117.749298
310.679294,123,117.903402
343.93441,148,118.080344
303.021561,127,118.227031
295.607439,122,118.367387
295.33504,143,118.525643
304.321096,129,118.677062
371.954005,146,118.849726
331.868174,148,119.019014
384.123502,197,119.538297
215.86968,95,119.645973
307.850339,143,119.808487
286.319491,132,119.956547
495.922013,178,120.160302
377.256211,168,120.350037
351.298085,171,120.545787
282.79485,140,120.706181
317.704567,130,120.853263
338.226689,138,121.006952
394.648779,169,121.20455
411.771631,189,121.410425
148.620159,74,121.49223
328.001499,143,121.652618
434.217582,185,122.150273
263.314511,121,122.286872
411.274221,166,122.475502
360.925516,181,122.676703
442.48921,197,122.910813
384.340619,187,123.132768
388.155024,163,123.327475
116.322762,302,123.675601
364.646009,147,123.851403
363.317244,156,124.047959
435.582825,210,124.316287
386.531125,165,124.811846
408.028208,171,125.004541
322.795446,142,125.166678
444.302851,198,125.398226
360.677333,149,125.58293
409.677445,174,125.798973
366.402968,179,126.010528
540.527975,243,126.300547
348.357841,149,126.470517
397.335361,203,126.697836
361.864735,141,126.863058
456.542898,201,127.107378
417.737665,189,127.670896
407.763479,181,127.874643
596.51769,238,128.144826
341.602901,141,128.30577
409.285744,159,128.482801
325.633065,131,128.632672
366.676063,148,128.79995
430.463675,182,129.00728
376.521053,152,129.182392
373.648872,154,129.358885
399.67905,208,129.598101
436.340363,185,129.81272
365.747733,150,130.269981
433.677276,177,130.465674
391.954042,172,130.664244
433.438518,164,130.851558
366.298089,172,131.045965
372.416559,152,131.215256
450.426752,193,131.428996
433.007721,205,131.669559
426.520647,165,131.864994
345.220797,142,132.028615
373.964047,139,132.183821
393.275859,170,132.383678
424.176403,167,132.907672
579.189737,223,133.187112
492.430299,220,133.455408
467.500312,208,133.709316
316.055683,145,133.877981
474.019624,230,134.139216
449.812545,166,134.332617
453.189583,199,134.559846
388.783212,155,134.733462
390.658865,158,134.912271
437.771727,215,135.17033
399.560462,147,135.63356
119.448263,64,135.708155
307.217615,121,135.847415
362.410321,150,136.023294
491.724836,220,136.278229
404.74131,165,136.463046
476.820649,172,136.673248
348.598389,157,136.873187
327.533644,137,137.038591
345.114705,139,137.224506
425.47763,170,137.436928
471.376088,166,137.634884
358.533161,159,137.823883
431.033377,173,138.311838
470.949094,179,138.528426
587.78342,241,138.818416
402.209997,179,139.017442
340.828001,161,139.206146
489.489161,179,139.410886
439.899561,172,139.623925
491.518535,187,139.84525
434.591092,174,140.049994
571.747632,201,140.285682
367.696208,140,140.45012
329.087016,141,140.618832
512.374966,177,141.152447
348.185739,145,141.318135
544.682895,197,141.540843
289.867039,117,141.674832
532.554346,210,141.905257
319.958752,136,142.061695
444.110854,182,142.267736
564.018323,216,142.504974
425.239083,152,142.672642
670.24251,225,142.919087
437.864829,180,143.120153
484.978581,215,143.650977
545.838092,192,143.867704
488.185546,191,144.080838
430.259755,163,144.266204
598.793873,282,144.579442
472.268242,183,144.7866
389.935769,141,144.946227
470.923355,196,145.17318
467.611399,197,145.398807
500.502411,179,145.595567
502.081983,197,145.815938
536.063289,205,146.338665
453.144934,171,146.535206
627.524959,215,146.774935
641.857752,227,147.034024
401.71458,194,147.251825
548.747664,216,147.499368
552.077192,208,147.731035
478.208724,174,147.918848
470.924514,168,148.106624
410.705323,159,148.283414
519.437488,201,148.807432
532.110033,187,149.020442
382.314583,159,149.199841
458.150142,162,149.380218
588.226378,196,149.59717
551.295172,210,149.833314
556.729709,193,150.054125
415.949077,163,150.240673
387.099347,161,150.42105
333.426112,132,150.571111
472.009421,169,150.761006
483.269157,207,150.996158
527.991402,189,151.499634
128.549942,66,151.575397
385.280873,153,151.746202
680.20185,246,152.027001
431.924069,175,152.225631
525.458617,195,152.450879
489.986475,191,152.664561
490.909537,190,152.87701
443.76599,163,153.056493
481.327031,180,153.25863
583.150378,218,153.501019
647.116773,225,154.041472
591.038588,233,154.305297
664.923609,235,154.566529
560.605763,199,154.7886
635.103622,209,155.024865
534.974702,191,155.240541
445.600103,175,155.433979
656.93202,211,155.664328
358.249408,130,155.805899
436.939568,157,155.980623
374.482984,158,156.160509
586.09451,186,156.65793
488.608249,187,156.870199
568.479531,194,157.088966
551.1306,186,157.296424
514.041796,184,157.503726
527.280253,203,157.728261
447.986773,170,157.917937
504.037692,171,158.115026
631.024069,220,158.368661
548.450736,190,158.575685
462.842725,189,158.786945
383.395581,157,159.255865
598.537442,201,159.480374
547.271308,187,159.691087
665.047004,233,159.954251
532.179912,183,160.160727
476.286434,175,160.360404
668.931576,215,160.596415
643.962043,208,160.834049
692.097972,249,161.118411
565.251639,199,161.343093
530.071781,188,161.841977
525.582379,178,162.041324
660.130367,224,162.299262
537.384272,187,162.512026
276.786349,120,162.648003
491.367862,185,162.857197
548.620695,196,163.082142
519.68259,189,163.298142
578.779503,197,163.518635
728.236202,241,163.776932
635.322926,213,164.013034
531.117435,196,164.519339
102.870937,60,164.588056
651.176473,250,164.870872
648.100684,225,165.123529
422.529369,150,165.292118
536.369165,186,165.500774
580.050311,202,165.726136
562.738005,191,165.943231
633.942686,226,166.199431
473.674316,174,166.392386
461.222834,173,166.582748
740.04039,266,167.173013
722.180787,250,167.453938
593.976744,229,167.694857
591.220131,202,167.921887
630.161975,226,168.174018
590.848986,188,168.382184
642.720714,226,168.638873
617.037417,205,168.867003
533.393767,195,169.08542
799.200722,256,169.676352
586.244426,208,169.906508
656.311726,226,170.158047
648.59177,226,170.412721
509.484937,194,170.624212
615.877964,216,170.866314
751.935538,243,171.122526
357.85254,154,171.289065
721.873095,227,171.540037
541.460539,191,171.754929
679.572457,231,172.306244
684.760107,227,172.557116
830.35687,298,172.879878
719.286282,252,173.165731
650.804127,208,173.396933
736.682277,276,173.710173
600.543301,210,173.948736
679.46618,231,174.205745
587.173497,194,174.711335
607.785958,211,174.944709
596.937505,214,175.184463
531.473039,175,175.383953
467.967616,179,175.580489
483.500647,170,175.77192
611.518299,221,176.01829
743.971376,243,176.289328
609.723902,199,176.508327
760.511962,254,176.789811
782.840749,260,177.371845
757.952397,269,177.666912
714.616875,240,177.93236
754.741584,244,178.207888
857.774566,296,178.536338
460.712638,170,178.727412
746.570471,241,178.996156
672.339636,239,179.261964
663.416256,216,179.798001
815.28738,247,180.077013
736.646847,247,180.351075
579.821622,193,180.571175
621.801552,204,180.803406
627.560278,218,181.04742
854.559656,297,181.378875
572.1544,195,181.587331
725.835725,245,181.865354
804.672319,269,182.462056
877.49826,274,182.767041
741.856786,251,183.041306
922.120906,295,183.379441
674.599541,231,183.636504
760.77815,256,183.917257
748.971166,237,184.181449
673.126231,230,184.434876
471.218436,184,184.640566
636.536627,211,185.164065
652.313151,215,185.406848
725.154751,251,185.681692
685.824869,247,185.954608
700.888367,236,186.225397
752.483098,265,186.526503
722.616672,230,186.784233
804.271636,268,187.091925
707.446563,215,187.618681
860.305044,275,187.922652
727.024756,210,188.160171
552.606063,183,188.3592
757.345745,241,188.632381
870.953744,276,188.941137
846.350642,271,189.251296
927.295559,289,189.572211
689.812158,215,190.094964
670.775518,235,190.363491
613.610485,205,190.596038
626.580657,208,190.831452
800.582428,249,191.112309
654.118739,222,191.359223
936.424877,312,191.715802
655.373571,218,191.955773
884.212414,288,192.280006
741.762228,228,192.825221
645.736896,237,193.087679
1076.425084,319,193.452647
547.214975,196,193.678198
523.558407,156,193.857139
858.40828,308,194.201966
1014.548588,343,194.572021
840.311425,257,194.840796
1004.067974,281,195.443729
609.968332,221,195.692786
571.726289,177,195.893235
686.920653,252,196.173777
691.789708,215,196.421215
692.324686,225,196.679322
624.711346,229,196.935544
680.443149,223,197.186543
731.257666,232,197.43585
779.324701,248,198.013597
742.919688,253,198.298128
863.709385,277,198.614112
1000.7542,333,198.98671
782.937261,270,199.290214
525.29025,207,199.523742
791.404886,275,199.817913
1104.724749,370,200.520059
771.065964,240,200.791779
818.252147,247,201.068604
723.494281,227,201.305418
883.83478,283,201.617408
260.800035,112,201.742224
646.950365,219,201.98733
558.668759,205,202.220211
752.392925,258,202.516663
765.520037,244,203.089885
893.653685,295,203.422775
728.797142,228,203.678889
537.182602,176,203.880885
948.530178,288,204.205902
765.537314,261,204.506303
803.460412,237,204.767319
841.980787,276,205.075129
769.078388,238,205.622242
797.91645,252,205.908315
764.110643,244,206.184914
992.827271,316,206.535467
832.603269,302,206.869727
604.979541,190,207.078877
844.479559,282,207.398189
667.074267,231,207.665268
599.252975,194,207.887928
744.938014,254,208.460812
574.51901,208,208.691044
770.529033,282,209.006596
848.782541,263,209.303335
733.015402,238,209.577344
773.458749,268,209.882542
722.012317,243,210.156138
906.551369,280,210.46591
736.131403,229,211.014314
747.343956,250,211.291509
848.531386,271,211.594794
852.717132,260,211.889012
557.345248,217,212.128773
776.601518,254,212.400458
884.957585,273,212.693085
831.474983,296,213.014787
666.636291,218,213.551918
776.684662,264,213.853101
1034.155567,335,214.239077
772.827536,236,214.506629
745.396478,270,214.796249
779.372554,239,215.057896
726.008866,211,215.297526
683.403418,254,215.582572
576.929016,176,216.083342
778.361946,275,216.388103
711.061797,222,216.636038
1066.047528,304,216.976704
883.334525,260,217.260636
778.715277,238,217.527998
826.758908,251,217.81254
595.91279,196,218.033024
729.406533,229,218.578646
860.15128,265,218.87702
1145.449739,370,219.294388
646.394952,241,219.558321
745.345926,245,219.828528
1155.387641,371,220.228634
369.339934,129,220.364334
502.097189,152,220.532365
616.851169,184,220.742249
1097.344101,325,221.397887
906.052305,289,221.71666
705.488797,246,221.986241
607.764224,215,222.228167
1244.176008,379,222.655614
139.99789,71,222.738107
344.855223,124,222.876734
919.652644,303,223.212473
846.804266,327,223.869501
890.576055,277,224.179049
877.363151,296,224.510176
922.266298,300,224.841132
849.899309,267,225.139939
603.435648,182,225.345161
931.106996,284,225.660256
942.88724,320,226.301634
863.391401,282,226.617766
724.949737,259,226.909745
727.688734,233,227.173331
720.057943,235,227.440886
849.189872,256,227.732303
861.998917,298,228.065075
120.054112,65,228.138184
783.116629,234,228.400056
473.487874,154,228.848748
1167.788437,375,229.268682
915.294119,296,229.591931
1161.586803,339,229.966384
756.422828,217,230.206525
903.340829,286,230.531354
1301.161766,375,230.948319
1482.600103,429,231.719414
1020.973464,287,232.041913
766.460244,253,232.326377
952.72637,282,232.640225
809.897997,264,232.918499
341.716485,122,233.05577
1193.638067,347,233.442718
505.09715,161,233.625995
798.681383,277,234.221396
999.105642,274,234.523063
742.363045,253,234.804638
952.894855,280,235.123253
1141.959897,346,235.515228
1064.345719,331,235.889864
765.519824,249,236.169324
998.613167,305,236.806445
830.966326,265,237.098978
721.755231,226,237.357559
831.987084,250,237.640392
977.998318,293,237.974585
997.367085,305,238.317691
1387.714258,388,238.751663
1532.980662,437,239.526646
440.215111,160,239.70627
1112.779504,328,240.067705
1392.763624,425,240.535559
834.499965,264,240.83094
790.538774,240,241.09869
1175.404013,371,241.818579
1236.821961,346,242.209738
1344.049227,433,242.707477
865.05988,262,243.004837
641.080133,226,243.260163
1269.989824,372,243.675167
699.587406,253,243.956086
779.148704,249,244.533297
1191.831985,339,244.912764
1173.005696,415,245.383007
1273.341547,381,245.811118
977.989215,313,246.1598
809.302448,247,246.433813
1278.983797,392,247.166951
671.606963,214,247.388769
888.510115,259,247.681717
854.987881,271,247.991759
842.380771,291,248.322035
730.574948,220,248.569628
389.304035,132,248.714267
1629.716743,491,249.551099
587.253121,213,249.787917
1243.486641,362,250.19674
752.73033,228,250.453891
1019.892656,294,250.782255
1163.708792,377,251.206026
1719.250212,544,252.110663
1024.172912,294,252.445444
940.694888,259,252.7253
936.199693,281,253.021032
799.103375,258,253.313449
716.918816,218,253.554501
2115.135012,587,254.205924
971.996276,284,254.811147
1391.184269,422,255.282985
1060.875782,312,255.623494
864.875715,268,255.927442
804.495056,270,256.234903
892.049845,287,256.553772
1617.33773,493,257.401193
133.972629,72,257.485044
931.457278,299,257.822921
1423.739184,403,258.265272
1085.241791,355,258.671618
1062.768218,327,259.044273
503.253451,163,259.227131
706.903715,217,259.463226
1247.735992,418,260.218813
1262.67162,413,260.68381
1210.45326,356,261.090174
691.279876,196,261.31566
815.283532,254,261.59828
111.901004,61,261.664534
2033.243193,602,262.63463
752.99443,230,262.895683
676.884149,200,263.117263
947.505053,282,263.43235
936.490713,290,263.758514
1033.16849,299,264.094183
651.988322,228,264.351799
523.002037,179,264.54216
398.56842,138,264.981394
1342.537354,394,265.429104
779.860727,255,265.716511
714.155312,233,265.974161
315.601934,118,266.104444
1730.045393,456,266.605273
788.074488,244,266.871463
1006.135373,319,267.23032
504.111186,156,267.694038
960.385073,286,268.009324
898.360029,268,268.304136
1637.410805,483,268.840617
1936.881404,589,269.50283
1819.239404,589,270.448376
1402.044652,452,270.957144
878.778406,259,271.242244
860.9987,271,271.538893
1631.194441,458,272.054311
1355.690644,388,272.783814
1502.348048,498,273.344193
1742.628146,523,273.939304
1040.235793,303,274.284054
2842.081596,870,275.545824
1069.291755,314,275.896103
2085.224272,571,276.536822
1545.456781,474,277.048051
1753.815929,549,277.941542
1066.90243,341,278.317403
1237.762889,348,278.705063
3003.849101,962,279.791104
1132.887876,369,280.495063
2807.344169,1000,281.614319
365.050716,131,281.760359
2815.290531,913,283.067004
876.075303,258,283.361318
1996.489809,572,283.996287
1887.011833,565,284.625787
1634.962519,479,285.16945
1237.017699,435,285.954878
1133.181298,349,286.346211
1408.769875,437,286.837974
612.445943,186,287.04506
1109.170752,339,287.425727
987.614803,287,287.749131
1717.76601,518,288.616932
1339.536556,397,289.062833
1393.235393,386,289.502454
130.501749,68,289.580747
903.72047,270,289.882449
1338.04319,359,290.283495
907.892944,313,290.923159
1239.774642,374,291.348814
1393.10454,414,291.782605
2400.839537,760,292.628652
2139.938643,649,293.636175
808.924551,281,293.943211
368.086421,131,294.086922
796.343773,258,294.369712
1299.689427,377,294.783717
437.347568,150,294.946503
1003.572104,291,295.265535
904.499545,274,295.568884
1487.421895,406,296.31926
757.247425,227,296.578438
872.692665,259,296.871391
845.198619,255,297.161513
1468.404269,572,297.802661
1230.87423,390,298.530226
464.647901,163,298.711767
1095.995467,310,299.06042
1056.773462,296,299.393629
1277.125544,409,299.853596
1694.655135,531,300.449897
1965.680159,563,301.37781
334.295468,121,301.515474
433.576432,142,301.67739
1056.633502,330,302.053914
392.306166,140,302.218781
1492.455714,408,302.67594
1279.777405,378,303.093287
1389.476189,418,303.855605
1467.298882,419,304.326834
1087.687815,313,304.680149
744.696145,243,304.951323
922.002881,278,305.261639
737.132452,235,305.520261
937.566826,279,305.836763
979.491589,316,306.479756
1452.926551,445,306.978081
1563.37873,453,307.484306
937.156722,277,307.791268
920.606858,255,308.079396
973.574018,340,308.45735
958.178979,292,309.072567
1083.521258,326,309.438792
1175.879614,341,309.818334
1083.813309,317,310.176132
946.233377,279,310.485794
1067.401563,308,310.828374
585.474365,175,311.021461
752.673477,229,311.570639
1213.903178,341,311.950076
1084.863839,309,312.30086
2170.937632,592,312.963607
610.596034,184,313.174014
894.915906,292,313.49827
1243.166076,355,314.179534
2086.946114,562,314.80584
886.944768,256,315.094189
660.008934,199,315.316903
669.941023,196,315.534684
1356.455909,404,315.98573
1901.451223,560,316.895938
722.342582,234,317.156934
707.190676,227,317.411556
1529.993776,418,317.875272
1085.186316,306,318.223314
1324.292469,372,318.648508
1257.469498,367,319.354781
899.881301,293,319.68747
1770.209325,498,320.249437
950.664344,265,320.544329
1515.14914,426,321.017883
1152.854575,335,321.389018
1565.120223,456,322.181862
810.543053,240,322.445237
1489.706548,414,322.903198
1323.469925,367,323.312177
1621.275053,478,323.843816
517.161815,169,324.309904
1669.114566,478,324.841371
1336.562745,380,325.260644
1306.842429,379,325.678297
1191.871589,345,326.062358
837.847871,248,326.34241
838.542753,257,326.926512
904.364268,270,327.234096
867.619594,273,327.538966
1362.503967,402,327.99006
1176.103216,341,328.372208
1049.147744,300,328.702722
1768.989471,495,329.5614
1224.623584,329,329.934367
630.666644,187,330.141619
1301.329774,412,330.600218
1036.249584,300,330.932195
2006.144024,544,331.534868
680.518734,205,332.044375
282.99837,114,332.174892
362.980191,126,332.305173
1903.47971,524,332.886006
1316.513941,359,333.281869
1665.355924,484,333.819469
1650.010069,457,334.615412
1087.162988,324,334.97252
1485.855631,401,335.408364
321.023927,130,335.554456
1089.766264,302,335.890938
842.708279,253,336.177731
722.921148,219,336.425765
1306.466733,371,336.846317
1199.042242,395,337.578314
1177.405447,358,337.975146
1487.05644,451,338.480424
1615.871177,481,339.013862
1862.734453,576,339.947301
1267.215141,405,340.397421
1310.438417,364,340.801797
1164.082202,436,341.295578
1378.130994,384,341.72166
952.80393,266,342.304703
1857.816143,580,342.956393
317.713123,122,343.092577
868.454871,272,343.401439
1031.597137,319,343.75905
3255.910704,1000,345.16083
3108.447659,924,346.196414
3080.351593,841,347.122878
1372.154233,422,347.881796
1254.202213,361,348.289756
1006.851317,301,348.622713
2318.718506,629,349.31067
515.778433,167,349.493519
998.68037,286,350.100297
1059.687557,305,350.441119
388.85454,150,350.612497
1344.036975,375,351.035637
1683.106049,503,351.584612
947.548878,284,351.901881
885.450444,249,352.179144
1290.187763,370,352.889013
1332.195491,397,353.33564
621.874963,188,353.54431
934.230549,287,353.858734
1309.437508,396,354.297592
2688.307932,779,355.450113
912.832255,289,355.773889
1538.979051,453,356.274935
699.803508,215,356.51863
1186.864554,336,356.890738
2857.436049,795,358.048522
1404.645029,429,358.530547
1761.969119,527,359.122667
898.587386,252,359.40712
631.990762,218,359.652275
2916.695576,829,360.870516
1063.945196,286,361.194048
446.294716,144,361.353779
1804.359158,538,361.945343
1190.505417,329,362.311576
1072.327827,346,362.986786
915.291636,266,363.284675
1442.417614,418,363.756839
1362.464952,395,364.200134
1857.613961,524,364.770978
1046.590974,305,365.10981
1050.604442,297,365.731315
1841.97058,508,366.299442
2561.487669,718,367.090202
1572.868413,448,367.588181
1401.837875,387,368.319433
1156.012482,337,368.706431
1042.86545,336,369.087775
944.457906,272,369.39173
1413.228943,417,369.832789
925.44165,276,370.140441
1684.09291,505,370.996263
2246.176408,636,371.706442
1415.634098,456,372.214443
1199.782802,368,372.6312
1775.513111,504,373.492573
1431.322454,429,373.967584
1739.045891,496,374.518797
1339.575023,365,374.914542
1057.30276,310,375.255833
1665.489909,472,376.076252
1358.513147,382,376.502321
1709.648652,523,377.106271
959.318912,297,377.441376
951.465662,283,377.755245
1885.034994,544,378.66425
1568.597783,446,379.168224
1568.029975,436,379.657657
1068.28787,293,379.979004
1249.332611,358,380.381389
1191.471054,364,381.075557
1015.472531,271,381.378552
1001.614676,297,381.710179
483.483822,156,381.880804
1363.032879,396,382.321592
1624.669964,448,382.816638
2419.178304,638,383.80984
1413.59875,430,384.297761
1103.779595,322,384.654431
1042.204571,301,384.989525
1092.094065,330,385.355612
1516.66647,408,386.098851
1113.100945,318,386.456306
927.746524,251,386.736265
1402.466124,397,387.174838
1035.567651,307,387.5194
779.068111,220,387.768642
1649.70287,475,388.297737
395.415851,148,388.749645
860.53297,297,389.083609
898.221972,251,389.365676
718.543323,211,389.603042
1119.24824,318,389.952476
961.132434,281,390.271194
2414.795562,629,391.268518
1029.436207,290,391.586377
954.241824,286,391.915193
109.068038,61,391.984803
994.106532,291,392.310282
875.980009,289,392.644039
1461.85862,412,393.111309
1314.58924,366,393.815717
318.918944,117,393.949734
1624.250094,463,394.474039
1235.352248,387,394.904754
780.896611,231,395.164022
1072.201534,360,395.604711
897.075887,270,395.906154
1507.490055,435,396.684146
742.168292,215,396.9139
1569.390881,427,397.39707
1444.094178,406,397.847466
1281.922037,372,398.27023
1557.446239,457,399.067373
1371.154179,382,399.49695
788.161005,230,399.754902
1121.933795,312,400.105797
423.735342,151,400.277887
851.022055,244,400.548584
1614.213946,440,401.046217
1983.994582,532,401.925266
2073.661186,561,402.547893
2040.839299,554,403.163752
1333.588577,371,403.584553
1979.690613,557,404.511148
1991.327584,542,405.111759
1868.609073,548,405.72748
2218.797739,643,406.437938
1641.017818,474,407.256648
2147.81477,653,407.986568
1382.695235,401,408.430629
3025.759567,846,409.669332
1280.441328,359,410.062665
1263.806594,362,410.466696
845.317685,246,410.748381
1152.200305,321,411.102915
1161.553845,335,411.473178
778.80962,264,412.051679
1495.294814,405,412.50448
1662.134747,471,413.031197
2662.719349,757,413.877727
1305.183075,357,414.56082
1092.980223,300,414.894824
1442.622572,406,415.350933
3482.786556,1000,416.474545
1983.769931,585,417.428028
1112.625148,301,417.76497
1519.700425,445,418.273367
1041.797184,283,418.590914
1516.167536,462,419.110178
1734.685016,464,419.927937
137.612477,71,420.010903
1340.007945,372,420.441611
927.902292,275,420.755544
887.929468,253,421.038966
1113.148533,375,421.465897
1429.311736,394,421.910174
1418.092808,395,422.659974
2019.107842,560,423.294573
1708.83998,453,423.809341
1136.209861,297,424.146412
3743.32153,1000,425.548312
1721.546711,493,426.098414
1944.506066,537,426.696726
1954.4991,531,427.583176
1228.405126,348,427.978292
1555.20585,435,428.469343
1051.344067,286,428.787188
1770.956274,505,429.347638
907.859755,280,429.65836
1828.355048,549,430.565305
799.830967,226,430.820579
1332.295343,363,431.216119
338.799138,121,431.341408
1231.867114,323,431.693625
3501.122577,980,433.072294
845.839522,251,433.358002
1020.447202,283,433.677777
1023.071149,292,434.011822
2467.381603,671,434.757633
1427.717548,393,435.482081
1664.438569,460,435.993023
1062.95461,300,436.324878
1658.547107,476,436.852721
1952.125535,557,437.471517
1873.960763,494,438.324126
2157.574007,590,438.990232
1190.411645,328,439.350563
1040.786151,300,439.666059
788.807619,243,439.940559
846.37506,243,440.499084
1455.872896,408,440.949591
1906.334005,566,441.59052
1705.900957,444,442.084601
884.759206,272,442.386137
1569.66491,477,443.208666
1665.660147,467,443.727501
1387.746675,387,444.157921
1972.434744,557,444.778246
1022.11691,283,445.09181
1332.26601,374,445.806393
1287.038284,354,446.208755
2815.234326,770,447.075172
815.098486,255,447.349178
980.118575,287,447.672023
1861.944953,528,448.543816
1051.918895,292,448.872717
3582.906658,1000,449.991111
2042.522495,547,450.893592
1015.518531,270,451.193769
1040.584514,291,451.523093
1374.440419,405,451.981502
1406.332801,385,452.41067
3486.707372,947,453.753259
925.019035,264,454.044632
960.04776,267,454.339145
1206.474226,320,454.695716
1297.817011,344,455.073424
611.666479,191,455.284653
2389.262466,685,456.335025
790.186183,231,456.574462
2786.211669,766,457.425466
1627.738968,463,457.941447
640.730614,195,458.452277
751.67252,225,458.711237
1109.549285,305,459.051377
1028.040817,306,459.404846
1411.676187,388,459.845694
1427.580202,386,460.275064
987.721771,280,460.586944
372.022917,133,461.02819
1540.281181,396,461.467346
1821.177979,475,461.99876
1312.898159,363,462.404514
1189.892133,341,462.781384
1439.743315,405,463.534789
1433.283958,400,463.982731
2013.969867,561,464.607856
516.540332,164,464.788846
2434.466363,671,465.537195
1196.697765,323,466.186356
1177.222319,331,466.560086
1420.737052,381,466.991463
1498.866538,421,467.465182
1303.178938,396,467.920707
1065.809931,311,468.268613
1285.873367,354,468.954077
1476.907466,402,469.402619
1754.803768,476,469.934595
1324.171189,384,470.354534
2063.719228,569,471.277259
1331.23302,360,471.688185
831.948808,236,471.947698
1538.201835,424,472.420361
1351.363733,356,472.814207
2043.402893,565,473.445679
1318.632573,354,474.136485
1357.469595,375,474.540878
1092.632551,300,474.874032
1142.717363,307,475.213672
581.267498,181,475.414694
1428.310243,383,475.840254
1351.636022,370,476.544609
947.392816,273,476.842971
2967.553681,836,477.770285
1459.821084,390,478.210905
1033.044492,282,478.525682
2117.074256,562,479.446477
1773.216373,476,479.95598
1966.36838,524,480.531865
2769.116453,740,481.653253
2010.745597,522,482.244033
3543.799112,1000,483.348476
1304.194611,361,483.747234
2366.864159,654,484.766063
1079.990335,296,485.098
1798.895149,476,485.627644
867.150466,248,485.902569
1220.148469,327,486.266959
1890.662766,492,487.113125
2228.807204,586,487.768264
1275.974771,343,488.14347
2004.065144,567,488.779106
3492.244179,925,490.111312
925.347884,269,490.408873
1383.551415,374,490.819577
3155.017112,853,492.057831
1363.858516,387,492.489706
1780.6975,485,493.030482
1601.233908,460,493.544746
1292.65239,350,493.934123
1112.662435,312,494.569679
3124.051801,842,495.498853
1366.594693,365,495.911313
1636.36075,457,496.408959
1570.497909,464,497.211381
1006.260784,297,497.549544
1326.243571,383,497.984997
2124.252909,549,498.598122
1808.704066,509,499.178948
1601.450871,450,499.981407
1374.689745,388,500.411974
1635.442209,470,500.933955
738.716727,245,501.20222
1514.409979,421,501.673359
1416.092861,390,502.405334
3583.555979,1000,503.513647
3652.649573,1000,504.905252
1444.179134,391,505.339143
3617.857838,1000,506.458117
2095.333738,632,507.450945
2702.759237,704,508.239482
1782.138504,507,508.810826
1368.866551,365,509.210712
3040.050929,790,510.376325
839.378103,228,510.626009
1920.405289,505,511.189472
329.44068,126,511.329883
3510.12861,1000,512.723785
3399.297555,915,513.73418
3645.37379,1000,515.132671
1442.20297,432,515.608927
3741.460035,1000,516.724654
3732.828852,1000,518.120838
3686.852008,1000,519.233952
922.303291,254,519.519919
1264.831641,359,520.208243
2908.128036,793,521.095108
2953.962365,797,521.995425
3119.846337,843,523.230492
1760.886186,489,523.778088
3729.650641,1000,524.912962
2372.599019,621,525.901044
3569.821554,963,526.971807
665.300565,202,527.202831
1738.075539,480,528.044569
1213.551069,334,528.421666
1464.836198,481,528.96611
2051.663883,525,529.55281
2463.182266,655,530.578026
1477.211646,408,531.026626
1428.412556,398,531.476354
1546.889054,432,531.957556
1275.734923,342,532.34564
1500.039452,399,533.087817
994.150451,276,533.396929
1676.870013,451,533.905641
1999.174998,551,534.525117
1134.162775,310,534.871376
1373.706658,372,535.282156
1405.919515,394,536.005836
2425.254355,692,536.769961
2670.686212,740,537.592615
3682.303261,1000,538.997503
3717.995108,1000,540.121668
3709.860697,1000,541.522806
1996.789081,550,542.137968
3302.341674,883,543.422323
990.907398,280,543.749031
3741.079161,1000,544.87808
2273.389928,606,545.553143
2014.51864,510,546.426436
1562.389099,421,546.898986
1358.697838,406,547.36004
595.817306,189,547.576992
1639.720731,439,548.062395
878.958049,249,548.632217
2463.14924,662,549.382403
2072.242355,553,550.002648
2658.007478,692,550.780325
1371.938358,373,551.488275
3720.753115,1000,552.61705
2929.337568,790,553.788394
1358.912809,378,554.217426
2059.904684,526,554.798573
1142.973925,311,555.145111
932.853716,277,555.463298
1443.302393,398,555.916125
1278.096394,363,556.613968
138.163261,70,556.691551
3813.687271,1000,557.80753
1776.914453,482,558.351719
882.317038,245,558.630765
1119.520179,312,559.268821
3352.477508,880,560.249386
1353.371348,395,560.689
842.939502,267,560.991193
1133.766971,327,561.644486
2880.322215,794,562.528998
3689.530253,1000,563.65059
2081.531491,568,564.569956
1106.413237,296,564.900812
2929.134383,792,565.777818
3778.204349,971,567.158402
3773.255585,1000,568.277075
1330.94996,358,568.670152
3625.012344,1000,570.070448
1984.967761,547,570.684431
3532.149189,1000,572.097046
3020.464463,804,572.994483
2368.439817,603,573.670952
533.113817,170,573.861396
3602.739471,1000,575.256423
602.985976,178,575.458943
2246.389742,631,576.165421
2328.265085,631,577.162859
3595.618033,1000,578.281025
3541.929137,986,579.670593
3777.22106,1000,580.769716
3528.409812,1000,582.186282
1423.491177,370,582.601714
3701.01856,1000,583.715865
3548.149335,1000,585.126216
1289.773263,342,585.503547
2328.814118,643,586.210782
2156.676467,577,586.865305
1087.250644,295,587.485414
2942.589375,806,588.396964
3559.242821,1000,589.515597
2535.885172,668,590.551378
2560.647518,697,591.332107
2924.43541,784,592.483245
1425.027241,392,592.924504
2094.913024,585,593.582831
2009.924632,563,594.209798
3289.309841,883,595.546145
3527.653928,979,596.640615
3798.363815,1000,598.047418
3641.92658,1000,599.172241
1863.661953,483,599.714397
2335.732772,646,600.742137
3613.456628,1000,601.85938
2234.283339,586,602.519861
3205.985307,858,603.773069
1015.607773,316,604.125638
3566.704466,937,605.467949
2450.346371,670,606.219839
1680.774141,443,606.710179
2789.16747,736,607.528431
3402.227724,902,608.813536
3775.269407,1000,609.921397
1319.864752,359,610.619744
2116.871789,578,611.270581
3758.140274,1000,612.393031
3683.21354,1000,613.791158
322.438307,119,613.927085
3709.414412,1000,615.047262
1357.798665,376,615.766806
3572.07811,918,616.784181
3084.382729,835,617.716782
2392.140924,678,618.763209
3799.237935,1000,619.86861
1614.758429,459,620.386778
2731.22932,725,621.48893
2827.227018,786,622.354853
1260.918614,356,622.756772
409.887378,138,622.904795
2290.298061,627,623.911578
1228.813979,369,624.321066
1707.280739,449,624.831697
1190.066555,370,625.252852
1661.309457,480,626.079195
1667.536281,490,626.639354
1427.54294,408,627.100069
3896.603925,1000,628.206269
2177.358414,570,629.133471
3206.753202,816,630.033215
3866.02961,1000,631.442807
1869.276127,498,631.994932
3720.090136,1000,633.123433
1436.479184,404,633.862822
3730.33859,1000,634.983871
948.358158,287,635.306774
2809.206446,740,636.425248
2033.169193,597,637.09529
3892.260159,975,638.17827
3055.520737,805,639.362752
3530.75954,886,640.344167
3681.572192,1000,641.74313
3667.740299,970,642.833347
3867.799821,1000,644.243489
1116.818645,330,644.618545
1827.86793,508,645.188477
3192.685664,835,646.120462
3847.386646,1000,647.519809
1328.348787,389,647.955972
2389.849835,630,648.659888
1914.142663,509,649.520068
3835.339065,1000,650.629177
3331.386147,876,651.899348
3755.612151,1000,653.01803
1988.875347,556,653.637691
1652.816604,456,654.438905
1874.489944,515,655.01292
3718.675854,1000,656.126722
3819.041383,1000,657.516749
1638.090158,460,658.023462
1381.881015,377,658.447601
3986.154902,996,659.860552
1374.149182,387,660.29538
1674.50462,442,660.790281
3164.978843,848,661.728781
3759.581933,1000,663.133981
1295.228139,352,663.524458
3776.623012,1000,664.929232
1051.267012,304,665.260826
3702.496799,993,666.361734
3614.089825,935,667.692179
3244.771811,840,668.647421
1350.012236,369,669.052549
1563.786378,475,669.869403
3580.703426,1000,670.97865
1506.954634,408,671.43846
2002.940732,561,672.053341
749.140963,241,672.614883
3624.270624,1000,673.735471
1881.394442,485,674.28203
607.058267,186,674.488922
3778.762893,1000,675.902927
3554.076305,957,676.972998
2745.329881,840,678.199618
2049.29076,535,678.80353
3893.707975,1000,680.204297
1778.625041,520,680.784677
1357.504567,385,681.217137
3277.69192,879,682.190992
3658.769607,1000,683.591155
3878.020799,1000,684.722445
3658.905911,940,686.075157
2467.819402,648,686.787752
3554.507115,971,688.151174
1230.843231,342,688.531953
1990.367923,589,689.191525
3487.428088,919,690.499528
2331.961505,602,691.171517
3414.963768,903,692.188362
3784.103462,1000,693.615969
3985.050463,1000,694.734665
3695.277388,1000,696.239487
3252.086203,866,697.192922
1468.362053,423,697.674456
3606.101656,1000,699.096475
3551.823622,872,700.076653
3039.692967,780,701.247157
2501.154592,684,702.014607
1601.687569,451,702.516738
1146.727326,319,702.871932
1418.601004,403,703.616206
2795.188363,739,704.440069
3820.813233,1000,705.559465
3868.077571,1000,706.969318
3684.703924,1000,708.074576
1418.251402,383,708.802466
1679.710128,430,709.276776
3751.22282,1000,710.362167
3799.215763,1000,711.748892
3467.543683,1000,712.853905
1178.75516,335,713.236364
3848.211665,1000,714.644231
1872.28037,485,715.184098
3538.525946,1000,716.594199
3244.268266,857,717.558059
1852.964207,486,718.101602
2965.664154,817,719.300502
3515.231443,912,720.311143
3768.238738,1000,721.724916
3495.55462,899,722.734498
3897.138302,1000,724.135409
3878.892864,1000,725.236375
3826.958855,1000,726.642992
3844.517003,1000,727.745761
2892.699777,776,728.597768
1682.192078,433,729.370067
1574.840902,413,729.835264
2809.73071,719,730.637027
2405.390021,649,731.361143
3904.060432,1000,732.757622
3406.913692,860,733.703925
1761.605716,505,734.55703
1330.063145,387,734.986393
3404.017624,919,736.003725
3855.613548,1000,737.399057
3949.536837,1000,738.508328
2106.059762,554,739.417561
2168.491439,562,740.049123
1312.974333,374,740.464219
1291.738929,349,740.848292
1290.062676,363,741.249351
3639.590263,928,742.565853
3775.463326,1000,743.663825
3741.999313,1000,745.059948
2138.114229,598,745.728191
2345.608736,622,746.427473
3782.871577,1000,747.836139
2423.688239,653,748.56055
3680.012719,1000,749.961606
3774.936677,1000,751.063108
3780.068066,1000,752.467817
2615.703264,704,753.26026
1467.244423,429,753.734652
3710.877113,986,755.104395
2621.58651,670,755.876121
3888.497189,1000,757.047888
579.771778,210,757.582316
3563.817592,1000,758.706303
1425.675177,430,759.195679
1411.750709,373,759.611911
3691.493823,1000,761.019598
3910.86977,1000,762.138404
3656.80417,962,763.494755
3735.484303,1000,764.611616
3353.451415,874,765.871628
3608.662305,1000,766.983282
1547.115533,431,767.74014
3866.147445,1000,768.853545
3360.015194,887,769.829879
3771.909027,1000,771.226555
956.764906,282,771.541234
2984.264182,790,772.428351
3304.159881,843,773.655488
3683.951821,1000,774.771252
3468.950846,918,776.104862
3487.464668,1000,777.225867
3764.149596,1000,778.634476
1277.394268,381,779.062995
3552.771314,929,780.103722
3853.333373,1000,781.505081
3889.352904,1000,782.623866
2530.973943,701,783.698374
3453.025097,884,784.685378
3483.886405,911,785.994566
2344.677265,676,786.724245
3768.282178,1000,787.849446
1710.199838,445,788.633482
3670.737075,1000,789.747925
2987.833781,747,790.569484
2770.721159,703,791.641556
3840.111028,1000,792.769223
2978.167768,826,793.985382
1040.444439,298,794.317262
3917.705776,1000,795.426615
1341.836325,364,796.1185
3707.204786,1000,797.183743
3913.440215,1000,798.584081
1636.464848,447,799.079372
3825.303448,1000,800.196054
1823.789991,529,800.7818
3464.110742,925,802.096932
3841.550702,1000,803.199629
3724.869892,1000,804.615047
3732.987982,1000,805.7408
4010.893736,1000,807.116915
3709.49713,1000,808.214689
4081.920224,999,809.614669
3885.160435,1000,810.716786
1595.894828,453,811.506192
3022.168882,810,812.428568
3900.79216,1000,813.516387
2898.782657,725,814.612614
2995.367605,757,815.439437
3333.098626,832,816.652646
3823.795872,1000,817.751
3906.595067,1000,819.130014
1169.148765,373,819.54372
2393.739533,627,820.233413
2545.946197,651,820.945519
3483.582304,972,822.312182
3841.514138,1000,823.417709
4020.835255,1000,824.802472
3913.313592,1000,825.914644
3170.289307,791,827.0763
2100.458583,550,827.67798
3947.483141,1000,828.802179
2034.154326,513,829.662469
3949.631938,1000,830.776832
2202.612764,553,831.379455
1762.124478,476,832.206891
2212.639635,580,832.847815
1447.603426,397,833.271318
3728.469949,1000,834.664193
1509.676312,384,835.081834
1336.826587,368,835.499838
3846.795152,1000,836.896261
3426.462006,1000,838.00204
2500.690157,623,838.691338
2890.17297,719,839.791655
2176.869275,543,840.398046
4017.259819,1000,841.481668
3952.225473,1000,842.891639
2004.46636,497,843.432777
2307.254754,594,844.088284
1885.589924,534,844.945038
4060.20982,1000,846.063347
2867.324967,778,847.227485
3966.228337,1000,848.326928
2193.795978,784,849.215099
3621.212895,1000,850.597516
1965.203948,532,851.187398
3525.538772,867,852.444407
3320.798895,883,853.429012
3022.795034,1000,854.839683
1921.240444,472,855.365535
3607.06571,1000,856.481294
2841.882233,729,857.578786
1120.137772,306,857.921739
1919.878218,485,858.461137
3905.225929,1000,859.572949
3769.102345,1000,860.967595
3783.447292,1000,862.074612
2907.566722,760,863.203072
3840.207363,1000,864.30767
3730.596358,1000,865.693554
3889.833403,1000,866.820872
3768.663471,1000,868.221213
3711.525525,983,869.324216
1349.654703,367,869.725231
2896.878354,713,870.805359
3940.691259,1000,871.92276
3046.966621,791,873.069913
1376.363612,363,873.4696
3819.330199,1000,874.577948
3739.447847,1000,875.958757
956.474014,277,876.267858
2613.490164,677,877.025921
3916.319127,1000,878.411804
1792.931959,444,878.907193
2458.419293,612,879.583027
1631.434856,428,880.062055
3367.710424,856,881.303395
3810.816329,959,882.383008
3962.981919,1000,883.789232
4072.578814,1000,884.891779
1337.340969,366,885.584342
3919.836675,1000,886.704422
3964.192674,1000,887.82721
4053.771289,1000,889.240962
1827.317011,469,889.757526
3600.330224,890,891.002996
3955.658424,1000,892.12032
2237.302538,1000,893.543186
3586.496788,899,894.536874
3659.058498,894,895.816443
1864.684298,502,896.372728
2541.925678,694,897.138564
4049.118407,1000,898.522947
4074.654547,1000,899.633979
1839.352669,476,900.166924
2030.968891,493,901.013405
4000.073819,1000,902.124032
2395.945376,583,902.765468
3519.180656,874,904.023516
1887.432923,487,904.563917
3947.044836,1000,905.658081
1428.657087,372,906.347399
4148.622303,1000,907.473591
1842.382848,456,907.985818
2513.497133,638,908.985632
3851.526646,923,909.985143
2186.632209,577,910.620308
2979.440842,781,911.780222
1443.560506,377,912.200123
2404.098345,620,912.898525
3958.94172,1000,914.314602
1802.319332,450,914.815261
4034.078269,1000,915.918605
3796.135396,1000,917.322022
4138.549314,1000,918.431029
2648.054696,696,919.491631
3686.768714,1000,920.612132
2282.241982,576,921.544078
3802.188564,1000,922.676479
2259.775611,567,923.301169
1762.857623,453,924.094946
4023.605714,970,925.168835
2983.05077,721,925.969589
2019.71871,496,926.79463
1235.369357,329,927.154724
4050.02287,1000,928.265381
3694.866513,1000,929.671427
3848.832829,1000,930.772391
3128.655539,810,931.965524
3961.953467,1000,933.070909
3735.163077,938,934.411847
3078.294329,801,935.297315
3134.609148,797,936.170867
2825.300811,728,937.269724
3801.211697,1000,938.375931
3194.376707,771,939.488099
3963.474695,1000,940.605261
2815.859539,704,941.384804
1937.141568,510,942.244648
3835.513301,1000,943.339107
3903.486413,1000,944.719191
2050.659939,511,945.295307
4020.275297,1000,946.384595
2396.122618,675,947.416175
4103.927076,1000,948.530849
3918.754367,1000,949.92664
3887.476224,1000,951.03448
2315.01209,647,951.761184
2121.521401,536,952.622523
3970.674801,1000,953.730157
3926.467018,1000,955.118965
2271.020883,564,955.737652
1293.669482,342,956.122695
3961.855676,1000,957.529336
3957.603514,1000,958.633667
4049.587568,1000,960.032586
738.540985,230,960.285458
3919.297705,1000,961.375867
3751.182202,880,962.645676
4012.77444,1000,963.754252
1846.918846,478,964.275946
2244.780621,569,965.187985
4112.201544,1000,966.309035
3891.268493,966,967.668218
3516.963611,857,968.6193
4172.478798,1000,970.009187
3068.804139,757,970.863675
3933.163952,1000,971.958624
4221.691243,1000,973.356532
2110.304671,537,973.967742
1826.359147,490,974.512381
3891.015739,1000,975.892832
3135.475912,795,976.76317
1220.97318,354,977.150942
3857.313067,1000,978.569373
1145.429635,315,978.929355
3434.107699,921,980.26387
3823.576267,1000,981.382091
2467.058524,632,982.073487
1035.671025,288,982.395425
4076.166864,966,983.751567
3360.738333,842,984.693479
4177.193827,1000,986.099717
1861.010086,483,986.631792
2540.422017,627,987.32184
1517.76208,406,988.05295
1567.732906,434,988.511095
2897.908226,714,989.285108
2312.37795,588,989.945191
1148.612937,314,990.584237
2270.354006,591,991.239241
3209.015411,821,992.149827
4010.495153,1000,993.540831
1524.365895,438,994.011518
2518.821605,625,994.71081
3031.444994,704,995.834253
4118.29939,1000,996.924109
4038.944174,1000,998.316844
3145.223039,787,999.192922
3253.132736,794,1000.067204
1590.92215,431,1000.828388
4043.3758,1000,1001.960084
3993.537413,1000,1003.35602
1527.292644,385,1003.784423
3757.364371,1000,1004.888452
4072.58496,1000,1006.289126
3966.578564,1000,1007.414843
3028.438213,729,1008.507802
3985.479449,1000,1009.610343
2681.603436,702,1010.389183
4179.468749,995,1011.799086
3823.532735,1000,1012.929125
2277.31584,568,1013.839697
2922.717198,690,1014.604497
3993.244763,1000,1015.728974
834.97106,239,1016.27705
4061.959668,1000,1017.384536
3988.64436,1000,1018.778194
3928.653805,1000,1019.902117
2207.697505,564,1020.535378
1953.298169,521,1021.399467
1633.922617,436,1021.881312
3902.280257,961,1022.962005
4000.34681,1000,1024.3637
2107.245676,556,1024.99206
3952.775173,1000,1026.111811
3973.841554,1000,1027.514782
2258.140602,583,1028.155425
3258.498273,819,1029.343421
2261.462753,633,1030.046396
3872.630975,1000,1031.159083
3028.609946,718,1032.23919
4064.061175,1000,1033.359354
3939.488702,1000,1034.76153
902.634424,264,1035.059194
3985.201543,1000,1036.159587
4177.124096,1000,1037.552492
4133.696531,1000,1038.672118
1752.046983,444,1039.446673
2456.877762,602,1040.112698
1735.048537,433,1040.576203
1108.237642,297,1040.904233
2358.984309,580,1041.835033
1527.85897,413,1042.291719
4053.295837,1000,1043.405439
3938.728998,1000,1044.791127
4001.547354,1000,1045.908396
2543.850704,674,1046.931809
887.533415,267,1047.232439
2057.537019,520,1047.814224
1060.821496,310,1048.164144
4105.90052,1000,1049.563751
4191.492355,1000,1050.664384
4089.387026,1000,1052.060229
2072.908509,524,1052.657284
3914.327024,1000,1053.777473
4088.777527,1000,1055.170608
3542.932658,869,1056.139544
4083.437827,1000,1057.553032
1552.71059,399,1057.993995
3998.039698,1000,1059.084138
1766.911843,466,1059.89992
3837.292482,932,1060.944281
2204.080257,545,1061.54304
3034.947912,738,1062.655832
1749.562153,467,1063.182746
4058.31025,1000,1064.288091
4126.088946,1000,1065.660811
3429.578303,819,1066.569422
4048.404464,976,1067.946927
4027.528413,991,1069.047169
2741.260029,651,1070.060286
3948.348709,1000,1071.174612
4057.900977,1000,1072.581751
3759.305934,985,1073.676558
3965.094147,1000,1074.797919
2861.667469,720,1075.887961
1972.31943,503,1076.442992
1455.374699,417,1076.905986
4006.09261,1000,1078.281943
3190.496255,734,1079.105644
4039.434752,1000,1080.516964
2091.195897,503,1081.077802
3645.347809,875,1082.011223
1569.214047,395,1082.451102
2369.993888,561,1083.360925
4013.496322,1000,1084.472359
4127.881179,1000,1085.87337
1207.170831,320,1086.225749
4148.141352,1000,1087.318175
553.131117,181,1087.517201
4070.392028,1000,1088.902283
2380.751595,598,1089.552338
4112.512617,1000,1090.95591
4111.994236,1000,1092.071755
1498.442966,394,1092.509746
2913.254433,742,1093.625369
2102.808432,546,1094.235691
2973.908447,707,1095.031604
3748.882314,910,1096.324187
4052.17558,1000,1097.434602
3276.948462,755,1098.589032
2690.220122,663,1099.335561
4172.451747,1000,1100.739646
4216.733301,1000,1101.82864
2600.54091,635,1102.516093
2836.671045,699,1103.557297
4084.000295,1000,1104.677112
4207.883701,1000,1106.06169
4016.166898,1000,1107.182724
1327.808764,339,1107.560185
4147.928309,1000,1108.964217
2828.203821,719,1109.769738
4061.086883,1000,1111.174751
4102.850641,1000,1112.286136
4080.971308,1000,1113.68324
1943.278187,496,1114.220429
4115.086269,1000,1115.323841
4050.828759,1000,1116.716606
4289.721833,997,1117.826252
3309.316676,784,1118.975132
4092.238318,1000,1120.08231
4024.169767,1000,1121.505245
1541.608122,410,1121.959372
2581.309627,624,1122.65732
4258.373682,1000,1124.039356
4136.350787,1000,1125.148612
4200.447886,1000,1126.564314
4243.874511,1000,1127.701589
4081.070992,1000,1129.087107
2127.549011,552,1129.702453
3579.685999,865,1130.661556
1252.386681,353,1131.052886
3871.914947,903,1132.367007
2043.799482,516,1132.941899
2499.224789,616,1133.629825
4051.254083,1000,1135.027317
3136.695946,775,1135.893659
2833.981164,677,1136.925516
4165.139377,1000,1138.022601
1621.765206,420,1138.493606
688.771338,220,1138.742918
3456.182305,831,1139.957075
3334.334062,799,1140.841371
1491.67534,380,1141.270628
4119.81366,1000,1142.681079
4133.79494,1000,1143.79212
4056.946443,1000,1145.209833
926.800497,260,1145.50149
1664.198284,418,1145.975143
4179.502924,1000,1147.379044
1542.932642,396,1147.816878
1524.2849,396,1148.258353
2155.748018,521,1148.832067
2334.463608,552,1149.725397
3537.714052,831,1150.651949
3810.909647,906,1151.678921
771.211329,221,1152.20716
4185.582816,1000,1153.339598
4232.266891,1000,1154.72707
2802.678971,674,1155.472256
2640.232665,643,1156.185807
4161.414667,1000,1157.589941
3428.814312,813,1158.500847
3928.10332,1000,1159.895513
1080.967425,285,1160.213495
4252.23964,1000,1161.331249
2180.566484,547,1161.942589
1731.995006,438,1162.716933
4178.604408,1000,1163.823481
4233.409288,1000,1165.224668
2700.016863,660,1165.956723
1356.779844,356,1166.34681
1294.317479,358,1166.751064
3969.829724,955,1168.103034
2337.766984,579,1168.749349
2438.039546,607,1169.440573
4116.581692,1000,1170.821045
3255.09113,799,1171.720546
2901.161061,703,1172.783353
1534.397721,395,1173.216529
4211.108903,1000,1174.328037
2911.386712,715,1175.410714
3765.140003,904,1176.403927
1451.425685,370,1176.810246
4277.218205,1000,1178.17694
4130.0209,1000,1179.259215
4201.662688,1000,1180.657503
1208.327994,323,1181.013422
3962.066556,1000,1182.119875
4045.657571,1000,1183.4942
1671.41552,425,1183.956141
3986.758416,1000,1185.347614
1932.723544,486,1185.878472
3449.955275,848,1186.810996
3970.897707,1000,1188.197023
4163.314901,1000,1189.299506
1543.86958,408,1189.761261
3511.45621,882,1191.022065
4013.878294,1000,1192.137977
4152.536081,1000,1193.526441
1626.460235,427,1193.999732
4091.66319,1000,1195.106869
1710.755695,427,1195.859602
4044.837921,1000,1196.958983
4113.757279,1000,1198.351232
2269.070028,559,1198.968821
2627.100293,657,1199.704352
898.249376,253,1199.980622
4072.661668,1000,1201.377235
3475.29019,896,1202.368339
3813.168488,916,1203.686072
2205.661025,557,1204.307372
4089.833812,1000,1205.673562
1944.750793,493,1206.190255
1466.89181,395,1206.626824
4016.140695,1000,1207.736429
3261.451227,830,1208.911273
3314.903983,1000,1210.028011
1710.450734,450,1210.819496
1618.28213,426,1211.300396
2916.980973,723,1212.116879
3777.263364,913,1213.397995
1985.625659,512,1213.961583
4129.486954,1000,1215.062907
4024.170808,1000,1216.459362
4123.807549,1000,1217.587224
2208.272751,594,1218.529312
1182.510528,323,1218.899448
2907.500727,725,1219.721107
1510.658338,391,1220.147547
4075.940029,1000,1221.538912
2766.589909,654,1222.253842
1573.837447,436,1222.741335
4045.050914,1000,1224.127995
4075.322914,1000,1225.230421
861.362806,249,1225.514763
4137.343894,1000,1226.920747
3742.935896,947,1227.977272
1953.049256,533,1228.849502
3796.923116,911,1229.861763
4094.632741,1000,1231.254986
1598.732702,420,1231.725478
977.98742,274,1232.02737
3521.707349,848,1232.967989
2443.471494,619,1233.942405
4018.185951,1000,1235.053873
4188.177605,1000,1236.442563
2707.520905,660,1237.171889
2268.548214,566,1237.792675
1609.819994,424,1238.258538
3005.250656,792,1239.439019
4016.996995,979,1240.503831
2342.997029,617,1241.481411
3986.235477,1000,1242.60824
2074.818442,514,1243.154885
3481.810693,849,1244.394817
3250.078587,807,1245.290028
3327.803417,822,1246.198325
3908.568153,963,1247.555575
4078.312679,1000,1248.669774
1528.539756,474,1249.478291
3286.060836,796,1250.353263
1743.561618,460,1250.85653
4150.620382,1000,1252.225053
3614.862286,884,1253.214041
3075.937873,759,1254.340451
1452.366874,379,1254.773899
3053.563729,755,1255.611112
3462.47068,859,1256.850611
4061.458462,1000,1257.96135
4082.43059,1000,1259.388915
1042.070101,287,1259.702709
2965.583767,723,1260.495878
