# {"t_start": 1587093907.057125, "env_id": "Walker2d-v2"} 
r,l,t
5.620445,25,0.97102
-0.052419,15,0.994466
1.157566,13,1.013369
-2.689266,16,1.034113
-11.561654,18,1.057574
0.104859,12,1.072596
-6.10237,17,1.093439
3.010845,26,1.125517
7.18676,20,1.149604
1.597627,18,1.171762
-4.924394,8,1.181661
-1.174553,22,1.207568
1.454245,15,1.225729
-2.40191,16,1.247052
31.903617,38,1.295036
8.656729,33,1.335307
-1.001962,20,1.359225
-13.349304,20,1.382651
12.873453,29,1.414796
1.592363,14,1.431192
-1.91667,15,1.451052
8.524681,20,1.476008
8.158241,23,1.503892
1.800712,16,1.547544
-6.899656,15,1.57381
-7.711296,11,1.592455
3.840581,17,1.616361
12.996641,31,1.66263
0.925776,17,1.684401
4.465753,20,1.709341
-1.79714,22,1.739815
-5.648291,10,1.753538
2.35212,26,1.787573
-7.789367,20,1.814526
2.055018,17,1.836646
-4.422911,17,1.860008
-3.614998,21,1.887477
0.023033,17,1.911198
1.499304,13,1.928493
2.646694,19,1.95267
0.120126,14,1.971891
5.356781,18,1.995833
0.846327,19,2.019957
-4.345491,23,2.047959
0.775775,42,2.098495
-1.828648,44,2.150988
-0.120472,11,2.16525
-5.14552,17,2.186813
-5.635536,11,2.203261
2.663416,14,2.222606
-8.934097,18,2.24752
-3.808,30,2.286999
-1.618074,12,2.513088
-1.226497,12,2.52854
-0.167876,10,2.542491
1.669138,13,2.559403
4.116472,31,2.598479
-3.238606,11,2.612557
7.507295,33,2.652637
-1.374569,17,2.672078
-0.635357,13,2.686552
-4.155815,19,2.71049
4.173765,21,2.73588
1.542284,28,2.770514
-3.418837,16,2.790213
1.692381,28,2.827957
0.291759,35,2.870811
-4.151258,17,2.890872
4.483855,21,2.916933
6.340785,20,2.941816
9.736038,37,2.988337
-0.272501,13,3.004823
1.644363,16,3.025529
-3.2616,24,3.054901
0.633707,20,3.080478
4.682449,22,3.109577
7.055058,38,3.15668
5.93484,18,3.179514
3.02341,24,3.210447
2.822866,15,3.230131
-0.031806,18,3.253953
0.751152,13,3.270778
2.651143,13,3.287423
-3.904595,14,3.305697
-1.300358,11,3.320212
10.20294,31,3.358642
-4.108867,17,3.3801
19.491802,38,3.427607
1.287876,14,3.445472
0.239964,14,3.462691
0.474119,12,3.478609
-4.728203,12,3.494088
-2.712344,11,3.508399
-2.680795,22,3.536802
-3.696086,9,3.548905
0.612949,20,3.575364
0.140236,23,3.604075
-3.940859,8,3.615627
-0.102401,12,3.632158
1.141124,42,3.684061
-1.984984,12,3.699046
3.30494,13,3.714745
-1.477127,10,3.727342
-2.045555,12,3.742051
-10.077152,14,3.759721
-1.609541,10,3.77275
4.136041,17,3.866928
1.186769,14,3.88471
1.057153,12,3.902717
-2.839214,12,3.918744
-1.778301,15,3.937734
10.52253,34,3.977644
5.767573,25,4.008342
3.870552,17,4.029286
8.270354,22,4.057485
1.557454,14,4.075494
-4.876642,15,4.094382
-2.499634,10,4.107252
4.699304,15,4.126315
-1.30867,8,4.13636
7.822361,28,4.172276
1.146576,17,4.194149
12.532443,33,4.23579
-1.059661,13,4.252673
-0.69374,27,4.286068
-1.367948,14,4.304311
1.674444,27,4.339058
2.535965,29,4.376779
20.014109,58,4.447561
7.382332,23,4.475371
5.466365,17,4.496916
-2.328862,7,4.506546
6.129646,21,4.532267
-4.270045,13,4.54895
15.10635,29,4.586046
1.281362,14,4.603538
0.339185,16,4.625127
-2.016482,12,4.640588
6.037641,27,4.673598
0.082775,10,4.687123
-5.740017,19,4.711271
-2.297379,8,4.722429
-2.19622,12,4.737712
23.880906,48,4.796023
2.373322,30,4.831848
4.15236,16,4.851676
-0.722225,22,4.878933
-3.303237,15,4.899321
-1.116596,9,4.911664
6.253254,28,4.946543
-0.838304,10,4.959695
3.857265,27,4.991758
4.102145,26,5.022859
0.805016,35,5.066409
-2.734017,13,5.083127
-1.527215,16,5.103059
-1.709978,14,5.1206
-5.079206,34,5.236156
22.270466,35,5.277765
0.646223,32,5.315016
10.276386,49,5.372594
-6.597701,12,5.388038
-0.994482,12,5.40292
-1.65567,28,5.436588
85.5029,91,5.545323
-2.808395,15,5.564827
33.160317,71,5.651147
11.607969,35,5.693671
13.052153,36,5.738012
10.581151,28,5.773652
5.985026,23,5.801397
5.325986,28,5.834811
-7.612793,25,5.86462
-9.124017,55,5.92789
10.91898,22,5.953699
-3.016616,7,5.962337
5.904836,43,6.013272
7.301381,23,6.041021
13.561953,45,6.093719
4.122852,15,6.111292
31.161853,47,6.166158
-4.951701,14,6.182522
8.365267,20,6.20563
4.844096,20,6.231676
9.756201,20,6.255877
-1.317486,13,6.271549
0.388106,37,6.312328
3.783339,13,6.32648
-3.552147,12,6.342213
11.575908,32,6.379771
3.445984,21,6.403803
-3.636925,10,6.415575
0.879533,29,6.514914
3.136966,12,6.530311
2.470114,29,6.567874
5.258334,14,6.584569
1.441934,12,6.600443
27.564288,47,6.655623
1.180364,17,6.67566
3.056842,18,6.696927
1.819569,14,6.714264
2.189738,13,6.7303
7.464041,40,6.777484
6.252154,23,6.805116
3.289016,26,6.83613
19.090664,48,6.891235
2.491707,17,6.910832
26.862124,69,6.987862
8.258598,31,7.026653
2.365056,14,7.044013
0.740428,21,7.068829
9.866986,18,7.092118
2.84508,33,7.129479
20.205374,45,7.180896
22.36798,60,7.250642
-0.437998,11,7.265014
-1.920722,9,7.276197
29.993084,61,7.348807
29.42203,42,7.401977
4.326614,14,7.421423
2.086357,13,7.438184
0.343965,25,7.470019
2.934048,29,7.506622
-0.97895,13,7.523201
16.970181,24,7.553767
4.435805,38,7.601522
1.401414,14,7.619754
1.163024,16,7.641418
2.681688,16,7.661974
2.167761,12,7.677851
4.428199,32,7.717161
7.924403,31,7.75603
35.831052,45,7.886228
46.820962,56,7.953557
0.859668,17,7.974293
25.467155,48,8.032682
90.925778,115,8.171468
55.719989,102,8.304932
-1.315868,13,8.323254
-2.476273,48,8.383277
27.505271,68,8.465824
2.487692,11,8.479264
9.9445,39,8.525356
6.889881,25,8.555737
18.113905,45,8.60897
-4.343576,22,8.634815
-3.420054,10,8.647815
25.522198,48,8.704927
8.99892,38,8.748592
11.527396,28,8.782044
-0.227422,10,8.794296
4.942834,15,8.812685
1.854334,22,8.838394
22.299945,46,8.892552
3.120891,20,8.917636
46.678159,92,9.032319
-3.048605,27,9.066447
1.500748,13,9.083386
9.727578,42,9.206347
5.961499,15,9.225285
7.407247,23,9.253058
2.288242,22,9.280592
2.061079,19,9.303643
-3.714145,13,9.3194
-7.267482,12,9.334233
0.406586,46,9.389541
29.088889,44,9.442573
6.143951,36,9.484008
20.367526,39,9.530987
-1.471815,10,9.543967
-0.113364,20,9.569117
37.846985,65,9.648802
20.781729,54,9.714076
9.384284,30,9.751266
29.925472,71,9.835089
8.358576,21,9.860522
16.267136,28,9.893534
31.504919,49,9.951507
-3.609033,10,9.96478
21.224852,54,10.029998
7.223836,33,10.071495
-4.041692,14,10.089299
4.13156,18,10.111339
27.046988,56,10.177497
11.742798,28,10.213318
0.07004,12,10.229387
14.276867,37,10.280829
-0.480903,21,10.308374
26.591739,51,10.372947
5.387061,32,10.412054
1.241355,17,10.500619
13.986942,24,10.530149
239.141584,124,10.683307
24.944861,53,10.746161
5.707804,23,10.775152
129.034346,100,10.897739
7.068843,21,10.924166
23.055609,45,10.980946
3.047907,26,11.012769
20.812305,38,11.060563
10.971779,36,11.103985
192.578742,110,11.237187
37.508527,61,11.318752
5.591749,28,11.352696
10.900272,31,11.39226
39.276908,62,11.470192
58.090547,113,11.605059
9.257491,49,11.664144
3.413217,30,11.699545
4.879689,16,11.719573
5.658792,20,11.814839
19.360326,41,11.865574
6.512959,22,11.89264
106.213069,170,12.10468
190.679584,127,12.26337
4.101577,39,12.312836
5.223437,29,12.349266
5.502511,34,12.390633
37.808221,46,12.446711
3.837534,30,12.484199
-3.910502,7,12.494824
4.53647,18,12.518535
23.9697,49,12.582075
-0.356529,12,12.597675
49.212797,81,12.697622
31.914619,45,12.752098
43.935538,61,12.826688
111.871018,170,13.027874
28.201365,79,13.197515
76.67053,86,13.303278
77.719502,88,13.410202
0.412793,20,13.436658
6.680697,20,13.464579
41.979507,145,13.646034
166.032643,136,13.814024
11.704314,31,13.851153
186.721721,134,14.013402
7.061536,21,14.040569
45.201445,60,14.112828
12.046938,86,14.219162
40.493954,46,14.275777
4.998673,22,14.302809
18.574836,34,14.346305
16.715186,33,14.386027
1.836274,14,14.403671
273.020412,164,14.678232
50.770171,196,14.921576
53.688014,148,15.098915
1.306306,11,15.111807
81.342294,111,15.236995
61.262799,94,15.341601
37.982401,55,15.405095
60.370589,130,15.562749
17.562721,43,15.616269
20.4295,71,15.698786
-1.669811,9,15.709394
229.283512,142,15.935665
60.130524,92,16.04196
-2.549774,9,16.053061
18.866572,35,16.095965
259.003415,171,16.287883
14.370665,32,16.324676
22.980338,45,16.376191
65.834741,75,16.461466
20.57872,43,16.512337
22.704117,66,16.592759
81.637496,163,16.788133
229.112577,234,17.137221
91.511295,90,17.242306
243.579863,164,17.434308
53.356997,67,17.513844
23.012599,59,17.584738
75.479665,90,17.690062
20.041436,38,17.735078
22.916598,57,17.802399
35.151292,190,18.027721
198.306728,137,18.203403
25.661941,77,18.368454
6.967912,18,18.391738
185.271594,221,18.648702
6.282354,16,18.667879
15.682947,28,18.701236
12.297484,26,18.733985
24.798956,42,18.787255
245.21035,199,19.031932
240.380047,186,19.254641
41.397727,54,19.320357
61.482159,69,19.405114
19.789637,60,19.481001
3.06582,13,19.498269
178.192316,112,19.708125
114.251996,240,19.988085
36.235772,71,20.08041
35.676649,73,20.172939
200.518685,140,20.346782
27.691439,55,20.411505
41.115738,76,20.498894
9.529445,20,20.522662
21.146271,45,20.575469
-4.332621,12,20.590132
32.377339,58,20.655694
263.751733,160,20.845886
226.324604,147,21.107668
53.320527,91,21.219201
25.881813,61,21.292451
371.406072,360,21.721924
72.936596,123,21.871364
98.587436,124,22.0189
109.713346,117,22.155189
25.988508,70,22.302957
208.643626,109,22.430579
269.416106,214,22.685327
285.693207,173,22.88689
192.322253,118,23.023176
53.010712,60,23.092628
151.554707,184,23.305476
91.235562,115,23.442829
38.365558,53,23.583193
245.136865,194,23.82333
242.588884,141,23.983786
106.93191,167,24.188482
4.692838,17,24.211392
50.086314,74,24.305835
50.573742,118,24.447249
190.384953,117,24.58505
26.191663,39,24.630124
36.434212,52,24.691525
193.498189,121,24.902946
174.098405,285,25.239832
247.050601,161,25.427913
-4.45412,112,25.554835
157.53684,113,25.686498
18.239664,57,25.752393
286.692483,168,25.942048
244.051893,153,26.184787
250.927712,137,26.342666
284.529678,166,26.535915
220.195199,211,26.793328
21.273049,49,26.851164
11.9777,25,26.880075
300.051132,258,27.175319
215.633119,135,27.396134
200.028884,134,27.548624
301.610729,183,27.761032
527.121115,483,28.318206
432.138864,335,28.798063
176.531281,103,28.940996
376.404982,262,29.29918
191.155833,129,29.459925
379.953375,288,29.818426
237.987929,179,30.115035
258.53573,162,30.304498
277.645548,174,30.517145
491.707542,379,30.985044
192.844229,99,31.10377
332.571855,234,31.462255
240.373136,131,31.630049
43.763559,148,31.805833
224.236039,132,31.957597
56.569124,85,32.058404
218.733699,132,32.219578
455.419029,365,32.722714
226.653739,154,32.905508
367.848403,279,33.240904
268.422159,176,33.460919
33.644682,60,33.537402
316.291712,259,33.840266
134.71926,213,34.162034
33.738395,191,34.391189
55.072424,65,34.467007
52.516203,77,34.557124
162.612716,87,34.660645
354.844757,264,34.968217
315.226467,209,35.299801
378.300755,284,35.637726
285.938722,201,35.881153
370.955976,271,36.210432
233.885592,148,36.388151
120.189697,121,36.601287
597.057033,429,37.112118
56.815671,57,37.183058
390.408175,245,37.478684
277.526246,181,37.691142
232.575435,132,37.923175
147.072094,316,38.297764
268.762924,409,38.779085
243.328012,149,38.955913
32.234194,89,39.131553
363.571834,255,39.436841
182.594593,114,39.572465
221.693365,130,39.727974
56.39751,71,39.813056
702.607425,720,40.732699
176.017109,122,40.889974
698.164271,536,41.551799
485.36136,427,42.146476
263.175565,141,42.318175
38.318323,51,42.378877
193.828734,117,42.512447
164.419721,105,42.635591
206.349958,132,42.792075
39.559077,164,43.061086
470.998839,299,43.406836
139.875098,76,43.497875
254.329108,403,43.968509
151.947777,124,44.133561
507.726639,398,44.73199
79.295034,192,44.968206
259.209696,160,45.170976
579.51591,564,45.942332
601.778194,613,46.705357
314.651349,418,47.274992
432.879398,293,47.628492
10.525702,29,47.665029
609.366405,765,48.647049
161.910529,94,48.759656
380.796097,217,49.044022
405.720322,288,49.415046
193.087265,110,49.553822
273.161275,167,49.822763
242.489576,156,50.006594
297.897861,183,50.228982
169.454346,123,50.382505
229.589359,126,50.543267
116.524989,217,50.824813
112.721119,69,50.909217
279.623791,163,51.175807
277.29523,247,51.462859
238.567418,186,51.680536
477.896121,347,52.081396
287.358709,188,52.368378
151.166897,223,52.622306
172.365151,114,52.754803
340.080264,263,53.059706
228.381165,306,53.409916
612.518334,577,54.146492
80.269258,179,54.350507
158.223999,311,54.771195
265.850119,177,54.970268
619.596855,616,55.68251
175.308806,104,55.804782
409.789361,791,56.778234
245.895748,147,56.948538
197.16365,131,57.098308
332.975075,245,57.447057
327.491898,184,57.658321
267.393848,162,57.846249
303.249329,195,58.07023
240.550686,142,58.232727
30.102373,125,58.374593
377.346552,247,58.727254
229.3215,121,58.866997
337.212567,203,59.10166
241.621758,155,59.282521
99.687243,108,59.405683
119.848509,287,59.805121
351.095755,232,60.073461
17.60168,125,60.213621
240.327092,123,60.350587
17.063503,154,60.529375
216.722845,132,60.681568
507.136547,380,61.184854
398.001467,350,61.588261
233.092411,120,61.72803
137.18518,282,62.06119
261.828167,190,62.356004
756.86117,699,63.182496
178.777063,138,63.344607
17.118964,200,63.657407
207.941431,126,63.807062
371.806707,224,64.068817
331.597456,307,64.433343
172.505767,99,64.551743
481.383739,356,65.044503
212.504376,111,65.176189
244.741244,131,65.330903
235.108394,161,65.518858
243.714072,163,65.71223
252.057008,174,65.920966
661.284892,552,66.643086
458.483918,369,67.077835
849.975138,795,68.089853
309.991717,180,68.310077
805.681684,645,69.158374
622.433437,528,69.781616
283.055045,172,70.055743
286.43208,153,70.237744
123.039561,228,70.508267
215.192035,117,70.649248
295.133556,175,70.85326
375.268903,262,71.163488
870.489515,763,72.144884
324.869482,180,72.359398
172.352989,91,72.536991
450.709393,362,72.964766
526.70551,376,73.445628
286.730783,172,73.663843
286.85155,224,74.036809
445.01324,322,74.428667
250.892832,140,74.599116
406.845544,285,74.938584
688.788082,555,75.678463
274.058252,149,75.859044
261.831646,167,76.056606
461.235057,300,76.415379
320.98101,224,76.75411
160.50282,97,76.875957
269.564111,149,77.059585
527.914843,419,77.564083
290.349001,156,77.828412
222.073331,128,77.984669
468.645662,412,78.488055
136.164952,296,78.852619
228.391548,133,79.002219
330.164579,230,79.363669
308.211882,223,79.626613
308.458425,231,79.910388
270.970707,170,80.107757
184.9829,105,80.230058
237.094453,131,80.458164
224.52979,144,80.631221
225.463696,123,80.776019
558.349538,450,81.310804
613.58545,525,82.025203
274.807536,161,82.225192
305.935947,185,82.45294
253.038618,144,82.626015
346.353437,202,82.873978
897.545004,765,83.845882
322.300522,229,84.117403
327.680574,185,84.405183
315.525838,233,84.681799
326.89483,195,84.917033
49.785454,159,85.105241
236.867062,148,85.277457
374.336366,233,85.548955
352.350572,219,85.886933
590.525472,480,86.468144
1062.291077,994,87.726608
297.260938,155,87.910939
240.577321,142,88.072625
155.295105,258,88.439787
-4.11875,124,88.584233
212.879705,153,88.76407
329.954644,186,88.980605
316.424279,193,89.203492
514.239927,339,89.659028
865.236556,732,90.521088
517.603906,664,91.382154
379.841465,287,91.736048
508.286795,390,92.281737
348.108928,210,92.545623
195.424575,113,92.684964
84.733161,158,92.873355
219.327891,121,93.014032
269.91964,175,93.220573
223.770082,114,93.430976
355.432475,517,94.044424
418.183237,281,94.380197
316.850731,203,94.69164
423.482963,273,95.016194
399.692524,464,95.566442
439.978277,371,96.076716
344.714555,239,96.361518
255.490044,162,96.556789
976.764194,910,97.725067
353.27837,196,97.959237
317.399342,181,98.169818
253.618938,141,98.339421
388.755716,294,98.779865
331.048164,177,98.993329
238.34147,133,99.158067
276.910161,173,99.370423
203.501695,137,99.526383
244.054832,139,99.68691
77.061804,174,99.971413
35.551058,154,100.152248
283.998762,174,100.358564
474.788605,367,100.784415
365.49024,265,101.176293
260.755512,141,101.354065
269.783335,144,101.52588
396.954094,265,101.838542
301.605063,198,102.080156
180.612379,91,102.184316
268.695236,144,102.417436
323.974557,199,102.648193
463.219306,339,103.043933
644.716953,660,103.90776
310.254565,164,104.10925
218.181395,120,104.254051
291.839756,165,104.45355
41.515369,143,104.620615
603.442042,402,105.150833
220.138245,150,105.324555
324.652929,195,105.559528
350.856019,213,105.828479
352.411636,198,106.07151
282.304421,248,106.437584
219.843508,115,106.581539
201.301781,132,106.743336
938.143834,842,107.827301
275.661455,164,108.026606
324.787237,196,108.264691
356.831272,226,108.551032
343.628978,178,108.755426
476.678026,333,109.239689
414.540011,210,109.485774
352.191481,177,109.692929
263.114229,158,109.888266
297.77117,161,110.073339
369.45574,233,110.410646
166.049757,268,110.716982
288.022341,164,110.905396
69.591357,110,111.032236
516.936467,380,111.540383
388.955489,267,111.874478
369.962667,228,112.139201
369.612222,207,112.380533
310.062262,310,112.840202
323.338198,184,113.066644
341.29951,237,113.358667
702.01799,568,114.109588
519.659437,327,114.511461
194.644666,124,114.663025
372.485734,222,114.928005
238.78137,167,115.120192
320.708689,206,115.427187
300.476959,243,115.714848
271.533131,151,115.894193
333.963099,221,116.153165
168.73123,84,116.250491
404.07398,288,116.653015
281.590324,202,116.890891
84.068206,99,117.003189
366.84347,235,117.277394
417.309987,313,117.640842
852.100642,727,118.543663
325.987291,229,118.806849
239.634172,147,118.97373
412.496503,248,119.346698
269.907288,158,119.540775
358.344181,190,119.774304
363.100192,216,120.032576
416.788659,257,120.329311
462.820464,361,120.855129
260.821413,158,121.049252
363.992357,242,121.352136
212.47556,131,121.509051
301.057031,171,121.771226
437.369231,283,122.112361
385.293242,221,122.385962
229.824654,129,122.543504
555.790147,421,123.11473
408.479048,252,123.409589
331.842124,197,123.641201
451.030503,287,123.970653
588.122478,480,124.599081
90.699934,196,124.831025
46.254109,95,124.94323
56.512838,161,125.126308
333.680808,208,125.368724
286.556383,189,125.6553
281.068414,182,125.868902
373.42519,185,126.078605
441.36949,250,126.369207
369.36439,212,126.614332
360.012625,227,126.936516
323.414667,173,127.132415
317.699083,172,127.331992
351.636435,240,127.608119
349.561075,206,127.848622
733.10291,564,128.584791
322.782298,164,128.780572
247.612487,127,128.936982
319.102487,159,129.13964
340.130306,178,129.435499
456.742474,289,129.787968
342.598854,184,130.019816
275.371313,136,130.194855
498.675696,393,130.686629
469.415507,294,131.109625
275.052322,148,131.299158
315.671016,195,131.537401
425.585186,260,131.841251
319.932221,142,132.085969
725.32325,647,132.847345
352.378978,178,133.045259
267.148581,133,133.197968
373.708016,198,133.499133
309.369802,165,133.691833
302.374881,179,133.900636
212.383768,126,134.048907
48.36969,124,134.196236
446.058428,272,134.535777
381.75807,200,134.853821
300.937537,150,135.036237
376.505362,233,135.32011
798.137223,781,136.322994
312.397375,181,136.542738
355.788529,176,136.750638
452.454505,312,137.106672
421.727502,250,137.46455
364.143604,203,137.701728
340.367182,226,137.963185
331.537024,222,138.220076
588.874717,385,138.754937
420.480327,234,139.040448
392.347914,219,139.302583
411.169703,210,139.555443
356.390179,277,139.959076
611.132292,537,140.60819
287.059308,128,140.749894
283.548421,135,140.915053
355.819502,196,141.232788
338.492669,158,141.41618
419.025681,232,141.68953
589.155496,375,142.136072
327.062186,158,142.382603
473.120418,235,142.65644
326.325782,180,142.869297
493.877597,287,143.225352
291.607094,139,143.388072
424.652967,304,143.822149
362.546859,193,144.057765
347.856882,178,144.282817
292.800049,136,144.437738
487.325021,293,144.786992
251.055585,145,145.047838
485.318776,319,145.421583
495.427887,276,145.758632
547.051751,505,146.43196
454.125185,233,146.70323
440.507801,298,147.051816
391.484716,180,147.274919
767.637477,617,148.097561
393.000149,180,148.30433
271.342211,144,148.471825
430.161346,226,148.746579
540.956523,369,149.253691
380.52167,188,149.472785
479.399632,307,149.827183
361.845411,229,150.167699
276.368238,137,150.327974
232.112306,113,150.456122
303.923233,160,150.644744
447.735423,297,150.994478
430.379226,252,151.29206
458.22188,252,151.64948
519.220092,330,152.044788
249.147566,129,152.212824
286.534686,176,152.429324
436.148907,204,152.736639
547.201452,339,153.161299
404.018634,227,153.434729
573.188511,334,153.849872
213.061241,118,154.054116
463.103654,245,154.342264
248.383941,127,154.496779
397.65031,200,154.733867
500.509632,213,154.993997
229.802879,129,155.143459
750.618852,528,155.817063
378.547986,223,156.082894
317.605823,171,156.286517
596.090887,374,156.795955
378.87752,208,157.046517
343.272588,178,157.25763
542.427703,279,157.589601
335.661487,184,157.874945
328.048633,198,158.110018
348.17506,180,158.326375
630.829455,433,158.851795
721.60256,515,159.538406
326.84813,154,159.727503
511.353021,306,160.091797
331.140889,178,160.302439
433.165431,246,160.662149
389.632666,213,160.914542
483.7538,265,161.228691
108.830302,207,161.469471
489.754552,276,161.859616
372.758614,176,162.069193
381.631228,187,162.301559
408.824627,200,162.546442
465.070669,247,162.851612
202.856214,253,163.230698
139.630942,175,163.448125
373.165174,217,163.721634
374.307981,193,163.958024
473.421405,251,164.26693
459.312623,255,164.637178
310.539251,160,164.837018
390.807204,222,165.120112
298.634517,165,165.314057
525.339858,295,165.74735
549.488527,315,166.125836
346.976469,177,166.343425
367.269393,190,166.572921
350.564238,172,166.779677
57.238259,165,167.049348
545.954646,363,167.497371
336.364588,183,167.722766
410.730087,220,168.000121
423.786148,227,168.345193
299.558369,139,168.508718
371.916675,177,168.711805
443.480577,201,168.941361
464.198533,306,169.294336
346.280183,178,169.501277
383.532048,200,169.808162
408.367733,244,170.098886
374.770091,199,170.333736
357.986156,170,170.534454
473.092283,266,170.914883
355.920507,181,171.130695
364.627452,174,171.334847
688.635551,506,171.936855
448.105147,223,172.269012
335.83948,174,172.475427
572.464369,385,172.948755
359.073475,166,173.147961
287.06797,141,173.314079
428.931603,300,173.752363
400.310108,189,173.98319
395.167426,204,174.239698
373.546608,242,174.529589
394.22623,221,174.863348
396.588617,197,175.104227
390.039951,200,175.343367
393.828942,218,175.605474
345.252527,169,175.806366
355.210924,166,176.000719
347.318566,168,176.267528
359.929737,187,176.486241
475.041483,271,176.804796
978.946991,773,177.793521
393.823176,209,178.04639
548.094564,313,178.426974
345.39578,192,178.737822
289.83338,148,178.917483
574.907627,387,179.396898
355.299994,182,179.616202
354.890809,174,179.824777
469.789789,236,180.181125
394.486391,220,180.440724
355.620968,159,180.635553
372.191268,197,180.870765
273.498083,146,181.044771
457.64639,271,181.448375
392.074869,189,181.679015
448.145355,207,181.927413
605.752763,341,182.338107
376.743929,177,182.619336
487.197139,282,182.95514
431.979184,250,183.251777
390.689389,212,183.505857
394.889206,190,183.731585
477.173487,257,184.106999
371.672086,175,184.322873
381.746025,195,184.563591
332.107248,161,184.753208
393.876858,212,185.007601
618.255734,334,185.483586
381.200517,210,185.736007
406.366747,197,185.970248
1088.618548,809,187.001332
410.232173,200,187.23975
449.562617,230,187.510398
360.914459,225,187.843797
341.266898,166,188.042231
395.059427,209,188.293018
388.159308,184,188.510328
463.372621,220,188.770324
424.744409,215,189.094299
510.74336,265,189.405983
495.501242,274,189.727356
485.079568,228,189.994683
479.099219,235,190.336232
364.511266,174,190.540329
395.939522,200,190.772568
453.800305,302,191.12225
354.785521,181,191.335281
466.155796,277,191.723392
473.918696,236,191.999195
320.09671,157,192.182252
545.783108,364,192.601226
167.835856,282,193.00152
488.107782,307,193.357375
403.417317,221,193.615702
378.870944,188,193.831761
363.834609,193,194.121849
861.060061,714,194.952547
360.98905,201,195.185022
512.703076,249,195.54194
423.755295,207,195.776435
515.943867,266,196.092224
428.703028,200,196.322398
338.076895,161,196.508446
389.407094,190,196.8014
369.160724,203,197.036998
315.779969,165,197.233415
326.809791,165,197.427709
453.438212,220,197.685257
380.752391,173,197.953283
425.578471,275,198.275854
343.353421,160,198.461923
422.555774,211,198.708336
380.059024,187,198.923524
527.344419,299,199.340948
395.539905,184,199.556887
1222.074734,1000,200.779493
325.520427,122,200.924532
325.321389,154,201.104999
49.087688,82,201.199876
453.365904,251,201.496371
481.485381,220,201.820509
317.873795,145,201.994174
442.059413,201,202.227183
310.282374,165,202.416878
441.390388,211,202.658702
424.017266,190,202.943687
443.068701,223,203.200363
447.660726,218,203.455142
397.270161,184,203.664956
418.307897,200,203.896887
325.812914,174,204.169239
345.020944,169,204.363508
421.966073,261,204.671519
374.23775,183,204.883448
390.456973,196,205.121004
538.793891,236,205.480509
412.590786,200,205.722653
437.202658,253,206.025586
459.674916,181,206.250942
413.10199,193,206.491136
463.745394,246,206.856294
374.590017,174,207.066764
384.443544,175,207.280624
350.816781,152,207.463142
467.267093,199,207.703718
412.205245,210,207.957912
412.901402,180,208.259825
320.101763,145,208.434253
455.248372,224,208.711849
374.564046,183,208.934207
364.982121,185,209.161439
440.848355,235,209.524149
278.905547,132,209.686378
310.622918,137,209.852745
403.288981,157,210.045411
414.146215,197,210.284965
397.45901,174,210.495878
382.637141,172,210.770826
337.926342,179,210.998228
542.892535,216,211.257644
416.111932,182,211.476266
451.054938,265,211.809349
475.860277,234,212.170921
412.322225,181,212.397102
439.577097,187,212.624449
370.263481,193,212.855713
490.045652,232,213.140309
392.850884,214,213.483853
429.513305,192,213.716821
331.53406,160,213.917413
387.671792,172,214.122638
309.810647,149,214.302135
404.935111,180,214.519051
428.479212,186,214.814894
530.383853,238,215.097473
442.129559,223,215.368286
327.846091,142,215.537386
606.237754,344,216.029337
436.794776,209,216.285258
413.368374,209,216.546927
358.724326,196,216.78955
221.749519,110,216.922403
355.455894,144,217.094356
267.447603,127,217.246799
360.975311,184,217.536476
309.755374,148,217.715836
542.303556,239,218.003089
541.760224,200,218.237443
329.910876,154,218.421976
387.636702,177,218.699746
401.818568,198,218.935905
394.575449,188,219.159973
355.332415,161,219.353801
436.383796,235,219.631896
494.520853,203,219.943822
390.875483,177,220.156696
324.375403,159,220.347221
507.857828,298,220.723961
502.485659,214,220.981237
375.011456,166,221.257942
463.672958,237,221.548934
479.475016,305,221.915701
451.634491,266,222.235572
363.291139,168,222.433659
278.670744,133,222.662134
430.109678,189,222.886641
371.457312,154,223.071368
490.197952,247,223.365873
264.765463,139,223.53293
334.067897,154,223.715654
478.610652,229,224.05642
450.593449,206,224.303994
380.98419,168,224.506916
390.944518,198,224.744562
436.493863,217,225.002449
582.832876,226,225.339484
300.368074,171,225.541517
468.569953,188,225.770726
221.990132,101,225.893128
478.027802,196,226.13123
356.393008,159,226.329294
503.258296,263,226.724669
291.079339,133,226.887299
498.072082,200,227.128086
425.119724,200,227.371183
491.971187,243,227.671401
372.295623,169,227.945792
452.937034,207,228.201868
452.792181,198,228.443384
403.819414,207,228.696359
398.030753,179,228.917588
435.841824,211,229.238772
461.157857,189,229.460497
422.034765,192,229.690684
382.720027,184,229.911837
441.009491,197,230.149697
546.628862,236,230.511119
508.192542,215,230.767448
292.221002,129,230.92318
603.847357,223,231.194637
395.65738,165,231.395388
423.146482,188,231.635464
435.563945,185,231.923903
347.125508,168,232.127416
410.202154,193,232.375162
480.546073,222,232.649934
455.543387,213,232.912583
357.473463,166,233.17903
373.767979,166,233.382055
410.930876,213,233.643685
413.558504,210,233.895868
288.01064,135,234.056652
446.400506,199,234.369861
405.356171,197,234.606256
587.360249,255,234.91371
229.699503,112,235.047208
312.874308,191,235.27287
480.820424,207,235.521068
384.484033,147,235.764065
547.82732,271,236.08113
377.325209,165,236.278306
465.423831,187,236.502746
416.266569,206,236.748232
385.537577,169,237.019831
586.924332,283,237.354122
412.768199,180,237.57215
538.297258,231,237.845996
617.048854,220,238.108776
231.199469,114,238.312965
346.579756,157,238.503569
322.711602,146,238.681001
723.017294,336,239.087202
416.354365,184,239.305792
533.982653,223,239.639264
685.046681,327,240.030631
415.684105,188,240.254303
505.019084,208,240.502849
378.093226,181,240.715577
406.808896,185,241.000915
544.029785,236,241.296057
435.010408,222,241.567135
355.537507,174,241.778902
296.624204,136,241.947277
375.478914,166,242.217932
492.360749,196,242.461109
413.70343,193,242.698456
505.829136,178,242.910428
421.407184,207,243.158532
446.980769,193,243.473212
427.123741,222,243.748113
666.391952,417,244.26082
510.940213,242,244.557334
464.506046,179,244.839524
1248.587026,790,245.813213
580.317792,236,246.168009
847.510588,317,246.551497
424.765209,174,246.760073
478.134065,225,247.027577
491.861889,204,247.265458
359.657106,158,247.524449
498.374292,249,247.820246
364.061552,159,248.013952
463.95584,209,248.261829
347.971025,184,248.481236
568.180444,235,248.830814
444.444196,197,249.073212
570.62809,237,249.361403
471.140387,219,249.624048
448.713471,175,249.840664
621.395748,270,250.235637
333.210372,152,250.416633
455.469474,204,250.663455
379.066617,168,250.86471
325.7764,140,251.029353
766.129587,287,251.44167
305.72279,152,251.613519
277.534804,127,251.761642
698.710029,266,252.070325
377.993346,197,252.304466
576.958735,219,252.636827
496.469157,222,252.913957
627.521906,279,253.260204
495.163276,205,253.506158
390.264596,176,253.718304
614.253592,260,254.10758
384.644644,204,254.355289
571.696098,283,254.693092
614.743967,258,254.999958
580.67958,215,255.324233
556.945933,231,255.600864
320.025804,149,255.778797
839.605444,296,256.130501
458.487447,212,256.38315
402.429768,187,256.689271
306.162207,149,256.87281
520.803425,218,257.132581
231.960306,121,257.279486
310.107871,145,257.452908
464.995619,203,257.692129
630.953444,251,258.061407
486.428969,221,258.341607
577.890213,239,258.632576
755.934081,336,259.044999
419.175581,188,259.343509
420.11298,203,259.587799
746.997455,269,259.914905
413.190694,194,260.152235
548.718767,225,260.4918
794.461308,314,260.868996
461.69589,207,261.120338
622.925998,270,261.433629
733.904337,256,261.803764
562.716591,241,262.087573
458.558477,207,262.344936
388.946529,161,262.538618
418.838643,187,262.764518
371.532891,160,263.029092
376.6366,178,263.245959
247.161436,115,263.383092
243.177061,113,263.520145
561.733251,232,263.800221
604.729213,279,264.133653
401.516993,149,264.382637
465.544982,193,264.616975
583.877165,256,264.919304
390.590945,167,265.118956
946.012022,408,265.685225
661.45322,268,266.002129
598.875617,248,266.297589
818.51997,273,266.620706
312.997378,140,266.786364
725.809427,272,267.187748
464.132487,217,267.456258
388.305151,162,267.650298
265.199134,119,267.797882
807.85867,317,268.262862
295.1709,137,268.428127
470.215143,209,268.680945
513.307301,203,268.924553
517.822053,226,269.201367
537.132281,222,269.470304
627.529507,245,269.834306
454.221082,183,270.05424
697.927435,303,270.411286
645.906957,269,270.72546
560.774159,232,271.06402
327.57735,135,271.222171
455.404467,220,271.480104
440.449535,201,271.71406
380.059865,161,271.91282
213.942279,105,272.042506
767.469403,334,272.50967
442.26177,195,272.754236
348.959687,149,272.934055
285.274849,134,273.095125
347.123314,156,273.283233
691.875882,284,273.696886
381.298922,184,273.919396
575.479864,282,274.268032
383.728152,168,274.474478
493.272571,212,274.797823
316.510378,147,274.978727
498.595787,216,275.240172
525.837972,236,275.520644
550.428696,233,275.796786
708.044402,282,276.198304
417.101483,224,276.463677
476.517991,205,276.711801
382.148455,191,276.931758
590.133341,235,277.212089
401.577632,178,277.494608
1043.125677,1000,278.777198
834.050381,312,279.165387
838.85482,336,279.573907
368.594069,150,279.756667
600.909216,236,280.126704
927.160886,312,280.512802
538.102569,218,280.776812
663.958684,262,281.105763
1050.839385,411,281.674695
478.661556,184,281.901665
951.907942,341,282.30823
834.71968,339,282.781127
923.600675,372,283.225601
735.737704,339,283.620894
478.029593,247,283.977585
662.223697,291,284.317642
667.471877,264,284.627881
400.011776,165,284.819114
896.570379,413,285.367547
635.778053,274,285.685968
875.247962,313,286.058102
385.836545,157,286.238528
665.732457,251,286.591676
481.249133,214,286.841064
389.763169,169,287.038697
852.849134,315,287.402429
744.367144,305,287.826698
940.024695,323,288.207203
111.662625,66,288.287005
601.358784,247,288.575336
640.605089,237,288.850916
632.536993,266,289.226085
446.405062,202,289.465205
323.211852,160,289.654418
775.927219,283,290.002386
875.258956,339,290.486998
1240.520169,439,291.02984
856.193443,322,291.423616
486.548486,192,291.7204
346.919478,162,291.911618
490.038082,197,292.150871
872.360623,343,292.59604
650.555204,243,292.970539
267.279982,145,293.143968
808.388342,315,293.520448
447.411422,191,293.739957
373.319446,153,293.924662
745.977398,260,294.294811
813.161311,301,294.672306
1160.57604,438,295.199558
868.718672,289,295.604474
411.778139,188,295.835858
757.830226,279,296.178518
463.106972,239,296.4674
572.774537,245,296.821134
873.714554,355,297.234882
457.426606,208,297.491816
385.545335,167,297.698507
611.167955,236,297.984739
818.235572,327,298.447195
522.522539,219,298.704279
662.838903,285,299.052385
382.116772,160,299.250337
480.268254,183,299.539126
704.087813,246,299.825793
826.605118,285,300.169828
324.35007,138,300.340194
865.27371,293,300.763005
623.258311,234,301.044599
532.296026,236,301.332177
113.47341,65,301.405799
877.506276,356,301.81415
442.246257,196,302.108107
496.972234,197,302.337165
603.349411,250,302.637763
618.406996,228,302.912135
871.895181,283,303.331828
968.541614,346,303.776773
857.400308,323,304.17881
360.150276,161,304.376188
1052.464327,329,304.839191
936.314729,376,305.286533
643.502365,234,305.572967
343.755033,142,305.749562
551.331719,252,306.118619
810.754607,345,306.545995
704.311214,279,306.890445
812.532081,281,307.301158
702.466992,264,307.614775
510.133397,211,307.866087
1159.944006,372,308.298929
420.739852,195,308.605607
544.637284,242,308.887298
825.406362,288,309.222642
958.634784,346,309.651239
380.292185,160,309.905412
474.101112,208,310.148194
513.829012,227,310.433628
376.617496,165,310.636043
675.366413,228,310.91423
547.435389,212,311.237317
636.920223,246,311.531514
761.493502,507,312.125237
421.238993,172,312.393008
649.330012,263,312.706003
1368.571607,463,313.275326
601.101984,402,313.83918
948.420894,346,314.264557
522.61892,221,314.514577
628.343414,226,314.780649
539.341818,241,315.130953
1115.588075,342,315.528128
714.978598,296,315.873693
281.560248,145,316.041491
431.286531,200,316.342887
927.020402,313,316.718482
552.543863,211,316.974277
584.078137,240,317.27321
785.446485,281,317.685873
696.288873,261,318.004232
738.885195,299,318.367677
409.591697,157,318.555888
552.199657,249,318.938756
532.56134,236,319.222958
663.964716,248,319.526236
995.730262,326,319.919462
1266.091825,397,320.46482
317.199064,138,320.632089
1020.851556,394,321.099557
536.202438,215,321.356562
955.84517,384,321.88805
629.256109,273,322.213291
509.021435,214,322.46689
972.094051,344,322.951529
581.909913,221,323.216179
1601.294034,537,323.856172
982.456609,327,324.326484
979.713737,312,324.706808
778.215202,370,325.15765
1010.677275,361,325.662812
833.740084,330,326.054063
698.607139,278,326.382869
426.38386,164,326.578658
1573.801019,452,327.18989
689.605453,236,327.472279
868.861356,326,327.865125
794.44815,270,328.259281
857.411447,320,328.642158
510.085765,202,328.899356
465.332058,190,329.143047
889.368927,322,329.59601
537.193032,216,329.84931
271.987549,118,329.983948
769.631487,320,330.358991
290.540685,158,330.610152
451.127069,191,330.831235
934.545902,364,331.255461
491.093972,198,331.487544
554.378749,248,331.848482
1108.989095,368,332.266045
435.945052,192,332.494011
168.905592,88,332.599365
538.517164,214,332.85048
603.461479,342,333.313739
835.908736,531,333.946344
101.435031,61,334.018882
391.414115,157,334.205301
340.213938,180,334.480373
610.322157,239,334.758996
463.743496,202,334.997248
840.625903,303,335.343248
613.286844,293,335.751108
783.536701,290,336.080838
870.481423,330,336.464087
686.720573,247,336.750214
792.151613,247,337.10353
414.129835,174,337.302248
363.435122,155,337.48563
546.47859,218,337.73817
816.779954,312,338.167325
431.488806,218,338.422067
724.932282,274,338.738559
403.123298,159,338.921175
106.071498,91,339.027747
540.708767,221,339.288055
352.849204,161,339.541138
981.258064,350,339.94796
345.186618,148,340.12505
1514.579834,490,340.758115
549.50273,197,340.984095
1159.22931,459,341.515017
410.582546,180,341.723366
904.113405,339,342.18726
373.565314,202,342.421154
1055.021268,349,342.81937
833.352749,278,343.212414
420.738695,171,343.411467
690.64472,312,343.788469
840.686836,304,344.159707
930.090961,364,344.651643
304.431149,142,344.81896
378.382033,154,345.002511
1492.551763,530,345.62383
537.251337,211,345.937225
539.24932,199,346.171784
1708.454229,632,346.908166
441.765474,197,347.20644
523.539556,183,347.417088
348.124828,158,347.604416
975.595422,305,347.958762
514.617013,210,348.267365
825.028453,336,348.655435
552.84499,219,348.911754
470.636448,190,349.130762
344.833926,163,349.319184
471.787301,187,349.605628
843.723539,291,349.940364
456.306762,187,350.160838
750.661438,294,350.499997
847.373583,321,350.932852
581.411584,214,351.17955
457.690489,179,351.390127
765.398616,253,351.678842
757.39191,262,352.042283
784.151277,267,352.349119
989.119893,333,352.737669
800.813975,312,353.101775
427.175864,184,353.38128
451.289223,204,353.623312
773.402683,343,354.010236
1130.592947,412,354.554089
1434.067743,479,355.10929
615.039108,223,355.366343
905.91454,339,355.822884
948.511755,342,356.217735
792.4648,290,356.553551
948.283136,356,357.033992
397.676414,179,357.245749
1049.077837,360,357.656672
1039.018695,337,358.037613
1075.579531,356,358.516508
848.46384,307,358.870359
869.458289,343,359.270415
824.212063,302,359.690603
346.883409,161,359.878703
358.4855,154,360.05969
549.35411,217,360.293658
396.097931,164,360.48314
944.302613,322,360.922451
699.684421,291,361.263051
310.722128,139,361.423175
692.529374,286,361.753337
562.044086,219,362.074954
526.000885,211,362.316104
696.618067,225,362.582544
752.973604,261,362.878715
657.141182,234,363.147475
480.659309,198,363.437787
328.56034,147,363.610085
906.018401,320,363.977876
403.62019,179,364.188503
339.183239,138,364.341405
218.524372,98,364.518518
786.40274,286,364.847139
1040.665459,364,365.266991
786.840267,281,365.582336
522.335242,315,366.011571
772.866513,268,366.322062
556.674685,215,366.569564
575.824354,197,366.792655
771.248185,267,367.168046
911.639765,373,367.600047
861.184604,343,367.993709
860.685991,333,368.445168
259.832875,125,368.589489
262.864248,133,368.74475
379.541809,167,368.937643
686.725404,246,369.223328
885.189633,299,369.637604
1240.748607,382,370.082695
880.416298,317,370.448574
569.739135,238,370.794826
388.909855,170,370.989016
1106.254846,343,371.385666
603.336956,276,371.70474
406.346151,159,371.878071
639.848419,238,372.222284
545.336029,228,372.483983
305.526541,128,372.635548
502.953592,205,372.868204
906.403162,300,373.289289
122.648448,65,373.363217
1071.071016,384,373.801454
689.176527,242,374.070881
282.862734,118,374.207579
387.599216,148,374.449072
203.40453,102,374.567797
795.998239,283,374.891005
425.774061,199,375.122189
889.300009,331,375.496706
1021.893916,333,375.944525
1050.997327,502,376.50722
837.558981,311,376.933719
691.035549,309,377.295629
305.554979,132,377.453842
358.042409,162,377.645951
976.940638,343,378.043854
781.209035,296,378.455611
1001.848862,362,378.875747
625.748857,258,379.175951
645.324219,223,379.500878
292.967464,125,379.644976
293.125431,139,379.800443
1002.943767,339,380.192909
307.193795,138,380.351515
1027.110166,324,380.792833
1083.402561,330,381.176487
511.092089,229,381.436123
845.256104,325,381.809058
656.722561,252,382.16737
486.119741,188,382.387069
1062.944913,333,382.778268
269.09893,106,382.899014
472.707107,197,383.181438
494.556832,183,383.409901
541.13884,202,383.660502
987.662265,324,384.05927
1138.440514,362,384.569083
852.487713,312,384.94503
1565.859075,481,385.538013
320.946577,151,385.713592
872.600829,386,386.254899
782.783571,270,386.572099
551.796382,209,386.820023
1051.69658,335,387.273196
476.219492,174,387.484491
410.322647,174,387.698483
615.988731,241,387.984621
782.28375,261,388.29524
1353.138758,453,388.909081
812.433904,303,389.27381
445.645807,192,389.502712
1175.383465,422,390.071762
510.543727,186,390.29547
972.441926,318,390.669453
562.639554,209,390.981182
417.328957,189,391.209523
740.752424,275,391.550915
410.71595,177,391.759348
425.091858,160,391.941706
507.931988,199,392.183471
548.608917,219,392.509713
467.675373,188,392.728107
1041.792171,391,393.203883
538.949146,229,393.471506
1674.834757,532,394.165246
657.657709,277,394.482802
585.918722,213,394.728488
365.859,212,395.054478
456.470132,249,395.349835
466.383989,175,395.554082
1054.936702,351,395.958897
2083.924966,620,396.746249
378.073495,166,396.935473
427.464622,175,397.137909
861.451423,294,397.552717
339.964183,145,397.718543
834.859803,291,398.059859
573.398245,230,398.32663
456.093903,253,398.682029
342.365529,138,398.839603
411.527304,160,399.02192
1077.775682,369,399.453469
1070.91083,377,399.959568
153.9742,101,400.076486
885.035381,291,400.415818
746.892182,242,400.694224
1084.888051,360,401.1747
782.333451,351,401.586325
534.195819,196,401.812442
676.63834,273,402.157961
754.916794,283,402.570068
544.778913,209,402.826095
627.255273,431,403.357895
570.524107,199,403.604498
452.944014,189,403.909166
600.543526,225,404.179907
1230.26913,450,404.722335
1519.857516,497,405.382084
1271.856256,418,405.881878
288.481113,121,406.024921
558.434233,229,406.36722
863.046241,273,406.688764
1228.633813,486,407.269211
483.866541,228,407.606849
453.446525,181,407.824179
822.604871,290,408.173269
341.034212,149,408.353115
781.941425,320,408.748724
1708.420998,524,409.450609
975.463575,320,409.836113
628.936123,221,410.103665
451.272485,184,410.395214
590.096491,247,410.692593
1157.555247,390,411.154837
1091.807885,378,411.672556
1581.084935,499,412.267297
2628.992098,807,413.29316
1041.877267,406,413.778436
268.463838,107,413.905543
529.370501,203,414.216823
1059.648012,353,414.637568
932.282585,333,415.035626
718.97385,280,415.440763
2023.288241,659,416.226496
1639.379047,557,416.952527
538.567966,199,417.189221
2132.956821,657,418.02512
891.698015,312,418.393038
1759.016753,678,419.28294
705.974048,269,419.607162
1224.764864,468,420.167589
1361.486694,425,420.74242
339.491245,142,420.913102
417.15426,176,421.123526
967.595547,302,421.486152
882.712453,314,421.928399
422.416858,187,422.153005
1837.368463,609,422.878424
199.680786,114,423.012088
435.241839,188,423.307538
776.464087,261,423.618534
1283.010951,404,424.094912
1233.364692,428,424.67201
487.625688,186,424.902348
873.892443,341,425.322173
625.167249,249,425.629091
382.692981,153,425.888082
579.95414,215,426.149594
1238.483412,404,426.647122
629.318296,248,426.96026
1338.260523,460,427.623749
1223.061714,398,428.099747
741.632866,315,428.566937
554.896321,267,428.897377
1301.086588,443,429.441082
1251.626827,408,430.02591
715.413863,261,430.348206
2395.596144,698,431.347728
1528.921132,482,431.945072
455.384902,223,432.239344
989.337974,313,432.693745
874.821894,328,433.091226
468.591672,187,433.318432
288.513353,114,433.454114
676.559058,260,433.830608
647.103526,271,434.155924
1105.860018,451,434.698266
641.605069,273,435.022325
547.851506,212,435.34217
348.07853,140,435.509482
1580.14803,515,436.136508
372.724055,166,436.383817
2963.044785,887,437.531293
591.463198,283,437.94521
644.382809,263,438.266732
437.351447,204,438.51443
812.814101,299,438.876881
1091.102566,391,439.427017
381.814041,162,439.628811
600.215875,266,440.00423
2380.49877,805,441.082987
2820.294846,917,442.292736
586.813632,256,442.611842
578.652429,216,442.868005
3008.99554,1000,444.175982
1069.458872,412,444.755119
527.41539,225,445.031109
992.859323,350,445.45822
1587.866177,529,446.176715
770.455041,273,446.507997
434.430785,180,446.72588
1259.074891,409,447.277176
1518.561304,520,447.963887
778.865707,289,448.321037
1860.18211,587,449.111851
1092.271871,427,449.641986
603.359893,246,450.011118
1655.349393,600,450.769546
1039.607283,331,451.23612
1383.208783,440,451.785575
568.158619,211,452.030882
325.880328,145,452.199244
897.392147,346,452.686068
782.969945,286,453.01533
2232.963065,640,453.825354
1132.482203,366,454.248045
625.768746,223,454.506226
2456.289976,785,455.469572
2262.481037,720,456.373702
1702.716619,556,457.011371
1227.786342,421,457.566101
491.347851,310,457.924315
979.357151,328,458.299786
933.55268,315,458.725077
1581.837158,521,459.326671
593.083867,234,459.6144
562.11392,214,459.871141
637.811417,264,460.262419
1057.127644,392,460.727492
1708.666251,640,461.53604
1039.152451,326,461.920584
1698.035825,575,462.660253
856.787881,295,462.998076
1173.635651,418,463.488864
883.151388,326,463.925218
1112.665856,373,464.357461
1781.48331,555,465.064713
742.026232,252,465.360365
793.67523,270,465.674875
2367.919581,743,466.601331
357.778139,160,466.789367
345.906742,141,466.952489
276.802077,123,467.096658
1475.502812,476,467.719726
323.033785,132,467.873639
334.45544,141,468.037099
970.250107,340,468.435399
761.463251,250,468.722452
1824.744353,541,469.416563
995.170355,326,469.795538
1019.21973,335,470.253143
354.100595,149,470.425269
1036.803668,350,470.826403
3128.673238,1000,472.050208
1335.140983,451,472.63179
897.592867,328,473.012335
934.79056,326,473.393644
988.83932,350,473.871251
2760.564916,809,474.825913
561.247991,227,475.199011
1023.636018,335,475.616002
2438.111457,787,476.637878
1544.411264,437,477.238375
1246.743617,410,477.722667
1247.861244,449,478.366142
1297.130632,486,478.995405
1228.498505,415,479.584452
1371.370151,453,480.15861
1275.200965,401,480.718166
789.690034,280,481.065543
640.466373,260,481.37669
1814.351468,616,482.222248
369.979415,154,482.430245
3298.944341,1000,483.736112
1324.464243,448,484.293629
601.901347,242,484.652596
1191.52944,408,485.139677
796.182742,286,485.517411
914.11438,376,486.043608
2150.685974,673,486.824159
624.023276,245,487.110834
1252.874445,429,487.670939
1701.910147,535,488.290978
1517.738625,455,488.885354
2541.328495,811,489.873392
990.18406,358,490.284613
1068.565147,356,490.697222
418.458863,171,490.964601
834.079943,316,491.326877
1366.192195,419,491.816973
1160.381169,483,492.454614
1790.682237,609,493.185753
2309.52654,705,494.120271
1145.186178,405,494.602512
856.017766,350,495.116689
991.824249,372,495.555484
263.646424,116,495.687663
1663.270302,559,496.404761
1354.623508,457,496.934717
1420.404923,405,497.489711
1034.740325,327,497.892641
1594.596953,509,498.516143
1568.101134,481,499.166217
641.586525,228,499.44066
1935.647853,625,500.26326
681.867453,307,500.634639
918.209547,352,501.054503
690.770033,254,501.415896
3321.35074,1000,502.661218
1084.727213,333,503.06209
700.139169,245,503.353401
329.651624,133,503.516832
929.347593,293,503.929223
1113.27678,467,504.484726
891.049878,289,504.826982
1630.313045,485,505.456983
723.46906,284,505.790611
817.256554,295,506.136331
608.204315,269,506.519266
766.824767,285,506.86252
1464.922322,457,507.397388
909.223478,319,507.837064
962.575957,354,508.251142
851.802391,303,508.604023
1627.049677,509,509.265035
1527.322739,508,509.863994
2557.840403,717,510.792046
1261.939157,407,511.277814
835.660735,278,511.676791
417.759899,189,511.899559
2148.032213,656,512.685445
1391.873436,460,513.316375
225.301868,103,513.440505
1873.437822,568,514.189996
437.455866,192,514.42278
359.697502,142,514.597488
812.537781,300,514.95394
1469.322903,481,515.589214
1416.402047,417,516.084689
1192.81235,375,516.520398
414.659849,159,516.775734
2013.644086,616,517.533087
569.196407,212,517.792333
1529.797632,471,518.406668
1818.943635,535,519.015181
981.16618,360,519.500671
553.36068,212,519.752037
2039.60582,578,520.506744
1296.475407,434,521.00977
1207.375797,382,521.458911
1556.649964,506,522.11519
359.138818,152,522.293045
603.079972,218,522.554432
385.756084,152,522.74095
748.66359,245,523.115473
670.327937,243,523.405939
1931.806709,653,524.161499
709.672542,297,524.584655
834.611339,300,524.946553
3039.167289,926,526.123396
908.803342,321,526.50715
686.312489,260,526.811312
1238.048386,464,527.424545
827.155646,303,527.777566
2031.940545,662,528.620268
987.434917,329,529.009765
435.525465,166,529.208446
1291.388378,364,529.713288
663.45106,272,530.032081
1069.549838,331,530.418867
427.293444,197,530.727263
2515.529293,731,531.588179
784.884708,254,531.883628
2911.66037,1000,533.14034
437.041146,194,533.450152
1808.50231,625,534.218645
1343.85967,501,534.907539
1759.477773,517,535.519311
1124.34924,363,535.996786
1245.009371,406,536.491869
333.258511,136,536.658455
973.732698,356,537.079535
1355.079457,403,537.614285
2211.230377,616,538.340172
389.347088,181,538.626141
919.166933,309,538.990707
493.900897,191,539.215389
1167.552481,359,539.632882
857.050162,335,540.092616
1376.7853,435,540.596126
879.105351,364,541.089539
1470.181026,490,541.67206
1005.819862,341,542.070783
1234.852216,387,542.59463
3057.943485,1000,543.832129
791.326226,279,544.162309
896.915531,290,544.498785
1562.872551,476,545.127719
1122.208615,362,545.545963
1541.87201,461,546.154178
1035.362565,365,546.598632
1018.837157,321,546.987038
1215.20226,393,547.544967
1607.913931,549,548.21856
1133.632005,380,548.746518
1129.534581,411,549.253029
792.671503,323,549.65155
3361.658831,983,550.919449
1781.817318,481,551.579578
894.681829,294,551.935232
630.222018,222,552.192839
618.946109,225,552.460064
359.149514,143,552.700087
1485.878272,469,553.243805
619.010634,212,553.485952
385.56478,163,553.675468
1521.207479,464,554.277705
1930.985294,537,554.915199
720.462405,254,555.288668
877.650356,289,555.628604
673.574617,256,555.937031
776.133925,268,556.248548
1513.166649,449,556.832897
1023.697921,331,557.228682
1085.67365,364,557.728587
735.879356,271,558.060511
2010.394094,595,558.774295
820.485181,280,559.183486
430.267739,185,559.404606
1421.265595,428,559.917539
651.865421,232,560.194469
2232.032344,632,561.014085
505.42342,187,561.240655
1191.633577,370,561.750743
1298.595263,414,562.245129
1928.967911,549,562.969079
1776.576085,509,563.577751
803.393691,263,563.892427
1636.301545,518,564.575545
2094.657403,613,565.308862
746.386471,311,565.753651
513.462957,184,565.977818
1023.921867,311,566.359187
1110.867729,368,566.87961
1937.643644,578,567.591288
1232.133684,422,568.162265
678.891461,225,568.429455
788.98564,258,568.737556
767.623542,267,569.050388
1666.524512,592,569.802062
1191.544799,410,570.291239
1298.993368,440,570.880894
986.407186,324,571.26259
597.388438,239,571.540237
1093.303522,336,572.022685
916.922105,322,572.415152
1264.122329,382,572.874407
806.150677,286,573.314081
1397.522706,402,573.798243
731.223377,280,574.128092
1170.991527,393,574.665702
569.962421,217,574.918034
762.447852,271,575.259037
687.495595,248,575.606815
409.953804,176,575.913151
798.084314,250,576.426437
657.629891,416,576.943817
787.108307,236,577.227935
1120.127429,360,577.714531
1780.678894,602,578.488607
1454.16316,481,579.153031
1093.180653,335,579.546341
541.401135,192,579.783004
605.214058,189,580.012606
3651.555887,1000,581.324141
1359.377017,430,581.93753
1314.277507,436,582.471987
951.472854,314,582.925454
1045.232005,335,583.333044
2832.418455,753,584.341956
2229.999612,661,585.272032
1012.258283,301,585.701893
316.378695,123,585.846926
2494.090525,713,586.709188
595.355585,237,587.096576
1722.5833,504,587.840085
512.598277,186,588.122722
462.561797,187,588.375177
1886.463846,525,589.094686
711.976713,229,589.380596
513.353799,186,589.618707
620.957359,217,589.950974
1185.141235,391,590.469558
1586.274557,467,591.064266
1911.394429,619,591.896728
1678.692655,535,592.619803
859.189799,303,592.988178
331.909465,125,593.139706
529.023509,180,593.357561
1602.961471,486,594.001283
2132.820454,667,594.790992
911.331583,298,595.207517
260.819065,113,595.338859
987.219724,393,595.814976
1873.106668,571,596.551341
755.234474,255,596.857873
1696.572842,509,597.477148
867.655167,284,597.918954
742.705493,246,598.230159
2162.32024,577,598.90694
1078.997258,342,599.368567
966.911254,330,599.756667
978.930583,300,600.12065
721.466194,244,600.486199
2659.605482,724,601.335455
3339.096481,947,602.535508
1515.904906,463,603.1505
121.798202,64,603.227287
1133.161456,357,603.654677
318.242576,133,603.809577
1271.791451,475,604.431112
1349.881987,410,604.909021
3488.320773,1000,606.164057
1530.901309,443,606.750976
2145.101313,588,607.432856
835.105245,293,607.780696
1300.702429,393,608.31059
584.303312,211,608.563518
892.935998,314,608.927177
1851.736544,509,609.596006
883.82381,291,609.937724
697.006391,257,610.239385
2075.85284,608,611.024631
568.843264,212,611.271843
1144.017643,385,611.817419
143.00343,71,611.907528
948.900764,303,612.296204
666.046534,225,612.57465
1800.776635,529,613.305518
2061.193636,622,614.06853
2372.233726,719,615.027821
3419.554415,1000,616.329108
962.423835,327,616.723363
2048.942264,569,617.458461
690.352448,252,617.759691
956.186933,289,618.109249
1206.916797,353,618.609914
1864.748994,578,619.297899
1660.971534,481,619.938931
3417.47417,1000,621.249108
1105.777564,395,621.741346
637.457196,211,622.00251
2793.400105,1000,623.321373
2020.209079,618,624.145563
2800.090806,803,625.191546
1486.830324,460,625.751004
1267.560547,372,626.198578
734.625509,256,626.57423
345.333075,132,626.732247
947.308707,301,627.090409
1075.781509,337,627.485765
1137.939155,331,627.941622
643.050251,226,628.224776
129.082276,68,628.309169
1172.209899,409,628.835249
2164.020169,609,629.693107
747.714977,263,630.012934
646.021413,392,630.557475
1444.643468,434,631.122153
2257.171461,674,632.008803
593.92977,237,632.31877
330.14483,122,632.465538
857.940439,347,632.889457
954.658165,367,633.403501
894.712367,273,633.72315
816.539816,264,634.036337
473.501879,169,634.304386
1997.995035,599,635.021051
1074.302974,392,635.482131
3311.930058,937,636.647205
511.842333,165,636.909686
2482.736064,704,637.736058
3471.478093,1000,638.969468
899.562536,285,639.305655
1964.133002,707,640.211121
578.606234,184,640.428118
107.354426,59,640.496342
1602.036659,493,641.14874
2868.650129,798,642.149052
1175.001598,357,642.577879
499.845749,192,642.803593
311.387033,124,642.950931
678.783692,222,643.277618
510.935847,183,643.496701
1621.738815,638,644.250574
703.414414,235,644.598975
361.456475,154,644.781525
802.994435,264,645.09426
547.580618,198,645.327439
936.903663,369,645.825747
3177.54558,1000,647.077211
965.48402,321,647.440912
301.308675,124,647.5873
1357.445513,407,648.081283
909.232197,285,648.489458
346.989828,126,648.635779
2531.146909,769,649.624393
355.057054,132,649.782578
476.782591,181,650.004202
380.034659,157,650.198329
899.325763,320,650.596206
839.916878,297,651.018717
704.503592,250,651.323666
820.557125,267,651.643121
1495.227046,518,652.338373
763.076669,266,652.646103
1782.369871,553,653.298244
1622.825587,489,653.962595
2631.910848,747,654.934546
364.788792,147,655.114173
207.087099,99,655.230164
3433.546702,1000,656.493642
780.744412,274,656.836532
646.995111,211,657.073769
881.128295,273,657.470732
3326.022323,919,658.574357
910.703777,289,659.003625
1261.692432,389,659.459676
109.972918,61,659.532461
1008.992615,338,659.935567
413.326484,161,660.191206
751.272199,261,660.488871
411.730711,157,660.676043
579.975889,207,660.915099
151.78367,71,660.99714
505.517713,196,661.294168
320.60797,127,661.443096
1829.877606,512,662.034862
307.339737,118,662.172427
1389.891477,450,662.780302
1139.552568,399,663.241571
2521.250216,738,664.174541
118.635941,72,664.261478
506.439171,186,664.494688
464.687333,174,664.698608
1219.891719,399,665.258207
1447.179859,439,665.774775
280.460466,130,665.925048
517.897387,200,666.144816
1394.786163,437,666.751374
570.727884,228,667.017231
1195.088223,372,667.460171
384.79708,158,667.709806
1331.243779,389,668.165711
949.733005,287,668.489447
134.14495,82,668.586362
2436.545063,715,669.485325
3354.333163,1000,670.698821
778.075445,258,670.998466
379.318312,159,671.188205
1714.480714,548,671.915117
647.770296,213,672.167946
3533.647425,1000,673.434386
785.418817,307,673.799384
3434.795142,939,675.00259
1057.365637,343,675.475496
1430.266591,464,676.033898
1058.038485,352,676.451734
1201.891599,367,676.956183
1030.015948,328,677.360265
430.905351,213,677.615508
1111.598668,387,678.132015
2092.098503,564,678.798467
445.670898,168,678.996135
2096.529639,629,679.816893
1093.658377,336,680.222106
1984.244382,590,680.994095
743.674943,412,681.496568
916.684185,279,681.903138
1171.870155,357,682.328312
793.226685,294,682.688635
1382.443086,447,683.290943
1182.323723,363,683.73795
669.004412,220,683.995949
1133.062519,388,684.535417
2116.466956,616,685.281357
1076.01853,319,685.722551
1462.726509,451,686.269559
1080.451902,342,686.675414
388.721089,185,686.90127
3462.026936,1000,688.193864
1531.989509,463,688.834573
1828.182676,544,689.495347
1094.330976,347,690.015968
838.829971,273,690.348781
841.402939,278,690.688056
1200.948033,390,691.240678
632.078642,278,691.570283
612.860618,238,691.852036
1303.278606,417,692.430613
1782.176511,546,693.098833
626.230445,235,693.371997
712.894455,244,693.726705
738.948867,235,694.008713
738.906428,228,694.282269
1641.96395,477,694.932295
396.502595,165,695.131618
1604.415344,470,695.679793
789.742566,278,696.000509
907.280806,310,696.430889
1140.124443,357,696.861723
861.87008,271,697.183318
3287.670853,867,698.262501
2923.831963,838,699.336716
1424.801063,428,699.845944
1341.613099,453,700.432667
1596.713156,448,700.956792
1252.445761,416,701.509313
1129.595318,324,701.898785
1166.043624,339,702.294193
801.363632,290,702.705636
475.697112,175,702.908246
877.47646,277,703.23376
1021.870485,333,703.622374
3760.963385,1000,704.871311
1010.373713,336,705.327367
2281.060504,618,706.053815
617.362829,269,706.438577
2681.776006,775,707.372772
1546.716983,457,708.023745
613.736619,221,708.299928
1355.822012,387,708.7789
1180.230833,339,709.248844
2127.064721,670,710.068795
889.171474,254,710.46418
806.647641,277,710.791439
3318.156784,914,711.943616
2009.786961,608,712.672747
2491.295236,742,713.665148
460.880136,198,713.894618
1414.747176,527,714.578066
2976.980879,883,715.672535
479.334587,162,715.866784
1183.517169,353,716.290663
359.371631,144,716.468938
1318.230293,418,717.051226
1499.165869,488,717.62542
971.620224,336,718.112063
557.073029,297,718.467687
744.65832,274,718.795586
1062.948006,340,719.197414
1241.828298,390,719.72864
1119.353251,394,720.214276
1357.484119,429,720.785505
1411.941498,490,721.356766
3417.423126,1000,722.594999
1799.483961,529,723.282573
3025.36187,879,724.298641
1086.765475,333,724.742233
650.490665,231,725.020038
670.117957,270,725.329682
1922.930191,566,726.053227
481.079406,157,726.241592
2807.157901,797,727.236232
941.037278,312,727.606485
504.045276,193,727.837878
786.00193,261,728.142175
980.603491,334,728.597756
323.553761,128,728.753505
1238.834724,395,729.218661
872.751588,304,729.641687
1160.591651,361,730.073922
2010.438275,615,730.886919
1605.303113,460,731.463615
393.329856,166,731.656212
3036.956609,832,732.699746
1351.866692,402,733.154224
2063.108164,607,733.940994
1692.254779,506,734.550972
934.049505,445,735.152442
1462.562146,423,735.663149
2762.547964,833,736.740066
1041.710461,374,737.192544
1287.054178,392,737.727911
699.19615,248,738.026546
306.689793,119,738.170256
112.495453,64,738.244423
1777.90878,491,738.913759
2131.393095,591,739.639849
1899.332792,569,740.403101
525.785081,216,740.676916
680.300619,222,740.944988
1638.027727,481,741.599814
723.89131,249,741.906154
1070.613097,329,742.313014
1741.556881,486,742.981582
1393.457121,396,743.466513
660.116412,231,743.738791
1871.232114,511,744.430932
1220.325657,385,744.897132
1682.843588,524,745.598916
269.444178,117,745.741264
677.843021,271,746.061594
965.742985,306,746.4963
2185.20563,650,747.269843
995.493397,307,747.636519
527.36327,201,747.946773
2301.628704,647,748.698661
1547.14987,451,749.323877
598.564684,232,749.602596
573.680592,211,749.86533
564.445695,202,750.105564
436.647967,171,750.389024
2799.910945,807,751.379596
209.574634,124,751.528015
1025.482844,328,751.991091
498.65743,187,752.227858
856.137829,317,752.618996
632.472045,218,752.895319
269.201815,110,753.093796
1301.866468,405,753.597288
1031.74606,327,753.989732
646.073666,243,754.356491
95.83904,59,754.426001
2213.395198,628,755.173398
1064.04419,315,755.547413
1678.258373,476,756.18954
387.749711,139,756.361721
663.69523,223,756.634685
1125.508229,361,757.146268
1050.071848,347,757.577472
796.74054,282,757.928497
2601.865899,722,758.845585
996.394313,516,759.443919
1183.953478,375,759.961517
1840.9944,520,760.590614
1600.299775,472,761.257595
2715.7056,754,762.259177
2298.083354,651,763.047201
2364.354906,709,763.960217
1273.002445,376,764.42129
445.252635,181,764.635589
1416.918292,413,765.210822
1402.341722,420,765.728842
1753.804597,488,766.383685
1411.345822,505,766.986481
1143.278066,345,767.498944
420.896247,210,767.758076
187.325473,99,767.878285
1143.97269,374,768.316839
468.51982,180,768.537963
1689.225146,455,769.125071
1837.209566,596,769.875778
371.349483,146,770.129673
514.306968,192,770.363968
1406.847393,413,770.878861
391.111476,165,771.082027
675.624694,288,771.511101
663.136424,233,771.807844
1199.070638,428,772.335445
2245.46145,660,773.224376
1691.401547,487,773.822149
1909.972337,582,774.575134
1033.043358,317,774.950396
2115.993017,710,775.895305
1166.227153,377,776.356035
2143.563018,605,777.164796
1032.752428,337,777.547884
840.889393,274,777.874766
1117.026718,346,778.369654
1511.841073,427,778.903947
1943.972841,564,779.652378
115.791757,66,779.72861
1748.780113,478,780.306154
1241.931064,386,780.843027
575.704023,203,781.090017
520.491423,172,781.2947
1307.179457,403,781.775893
1239.528311,387,782.335143
661.669508,248,782.647909
585.761126,204,782.912198
592.738058,208,783.16584
968.015233,315,783.619348
550.008045,205,783.86891
2371.223995,602,784.644729
1262.729097,390,785.113774
2759.948172,760,786.108603
1458.907999,427,786.630356
1096.490486,346,787.051461
1360.31499,383,787.572502
761.125796,251,787.879579
1333.141102,399,788.352846
869.020557,293,788.77914
305.440156,138,788.944717
3623.996983,994,790.250571
2129.977372,588,790.922043
510.254289,194,791.215939
3393.786935,928,792.391369
2351.601114,626,793.128677
685.621251,240,793.419016
2007.640001,615,794.242638
1145.558236,351,794.652313
110.58258,64,794.725837
534.175217,197,795.025071
233.542442,103,795.144673
390.03253,168,795.338415
1652.999897,447,795.854711
1969.054564,585,796.604173
1408.796969,421,797.118519
1193.952982,358,797.628676
1022.809218,329,798.04838
814.974831,289,798.401822
1044.740006,313,798.852934
733.10122,246,799.147932
3703.069,1000,800.411249
2392.349213,690,801.257095
1781.783081,505,801.930621
739.594937,292,802.284026
287.28553,112,802.421257
1126.516626,314,802.863345
969.763938,304,803.223459
1039.566943,330,803.623912
792.275405,259,803.940421
1421.231163,429,804.565754
1074.11209,323,804.964524
1306.087324,397,805.52918
2006.241276,593,806.227625
3672.137722,1000,807.521642
299.764802,127,807.675513
3698.348147,1000,808.951112
394.025701,200,809.200161
2731.072348,745,810.177385
884.338901,285,810.527402
508.005529,193,810.836859
1588.45396,449,811.380583
588.584128,201,811.620357
446.155647,163,811.816381
520.64423,183,812.101591
958.757503,331,812.486833
967.870711,288,812.824628
1341.314872,398,813.36035
923.071568,283,813.701319
1749.649658,527,814.34514
770.798947,255,814.71523
3713.80727,1000,816.000783
2633.681051,709,816.837829
1537.342812,436,817.435467
1093.07347,356,817.858142
1619.728607,441,818.432361
499.096701,190,818.653136
574.006907,205,818.889233
1533.454566,467,819.435223
843.300202,257,819.81628
130.166558,68,819.900943
1173.30558,351,820.333107
928.239981,292,820.67946
1433.635646,400,821.20364
2060.036697,604,821.902048
421.279755,149,822.071407
3150.585514,837,823.105535
2618.028035,716,824.004885
2684.207168,722,824.913759
2574.24005,712,825.729815
1466.213177,409,826.268218
815.355892,255,826.563196
2603.930388,699,827.43481
1409.781635,426,827.930287
821.309624,272,828.242165
105.361563,59,828.310331
1724.74682,482,828.934159
890.766449,340,829.327324
2432.659432,692,830.185127
880.072549,285,830.516139
1778.333801,504,831.165529
3505.694662,1000,832.396116
1289.612704,408,832.873315
3735.433426,1000,834.103213
2579.944067,725,835.02534
584.839136,210,835.271859
118.758721,66,835.349769
545.091602,195,835.577213
1780.200832,479,836.201765
1922.776333,522,836.797141
1209.951283,356,837.266102
1508.734905,404,837.733431
3588.290515,1000,838.949119
694.210258,230,839.21689
1036.150457,333,839.599279
3758.387948,1000,840.822397
119.656422,68,840.902425
672.985915,239,841.247704
629.996558,203,841.485613
1637.279012,459,842.009112
3612.537812,920,843.146153
658.585806,224,843.408619
1472.071912,430,843.974409
537.916194,196,844.201206
1081.063409,330,844.586377
544.366277,194,844.869248
1060.470772,324,845.247099
3745.197963,1000,846.467671
3860.836215,1000,847.715003
101.732647,57,847.788221
1437.299159,434,848.320818
2208.967069,615,849.144655
1315.773028,356,849.582381
2438.851757,640,850.435712
491.755813,168,850.645406
1935.159752,490,851.337039
2982.652564,796,852.316298
800.964032,273,852.720819
1423.827527,441,853.264977
974.934402,299,853.628677
2018.481437,576,854.402372
2416.220709,663,855.310102
1391.292361,394,855.797475
968.71273,295,856.161036
285.760595,131,856.314968
122.723188,69,856.397357
2994.677074,786,857.401853
129.105731,70,857.489423
1432.016274,451,858.11625
1191.461897,329,858.52111
861.341394,290,858.874447
781.72666,256,859.251931
1090.120348,354,859.679746
1787.076955,477,860.280567
491.96548,190,860.593623
1150.280605,342,861.007496
565.97363,205,861.263246
621.524279,214,861.506463
2008.620448,552,862.256315
898.444466,280,862.597958
3093.486052,816,863.636552
1966.989811,552,864.293514
3804.979467,1000,865.587507
477.341586,158,865.850755
3705.753407,959,867.015685
1330.24182,376,867.552433
685.41991,236,867.843808
857.538327,276,868.172874
2371.864572,649,869.020885
2564.324792,669,869.919822
2639.347625,770,870.88181
937.667614,265,871.277997
1061.802329,330,871.670597
2548.159095,665,872.533481
2231.215504,597,873.246071
1163.565442,334,873.7093
1034.215809,300,874.066937
3003.095299,776,875.055975
2385.551943,644,875.828814
2663.926854,713,876.771618
878.340661,291,877.1398
1235.363895,415,877.707049
852.230098,274,878.021482
3713.581922,954,879.191441
2816.618565,720,880.092506
1208.120299,336,880.494863
696.622716,227,880.769745
1717.842264,480,881.434189
3879.978402,1000,882.73613
1984.09244,590,883.445164
798.573853,260,883.754269
3725.130889,1000,885.023066
118.402011,68,885.109752
274.292728,109,885.245003
2176.996769,544,885.982374
2291.94555,608,886.782689
2013.995896,533,887.443439
470.417509,170,887.653967
1898.551231,482,888.301977
1483.687623,421,888.829626
3712.377446,1000,890.129997
3550.703085,913,891.292472
3985.922356,1000,892.571866
3753.706481,1000,893.856424
1798.388265,548,894.584654
964.325014,295,894.940163
974.622859,300,895.301628
3885.583097,1000,896.596543
3996.68104,1000,897.871534
1045.401522,335,898.267547
3979.72452,1000,899.517473
3117.550555,792,900.535045
2387.19918,621,901.370003
2447.375563,657,902.168175
1046.010944,315,902.615133
3724.183401,1000,903.873608
4027.537507,1000,905.125557
1094.991439,325,905.518352
3037.478091,805,906.516567
1608.289207,456,907.045946
1027.120904,318,907.485559
1334.694284,405,907.960153
424.715665,154,908.138935
3544.150861,1000,909.355077
868.972632,300,909.693593
252.000365,114,909.822748
1584.90241,474,910.4467
1062.573284,320,910.829463
1704.497246,475,911.463032
2915.529379,717,912.319122
3731.493431,1000,913.58224
1235.942846,372,914.091465
1261.076919,367,914.531467
3806.833796,1000,915.785758
3726.565451,1000,917.025247
3850.292985,1000,918.252715
1005.725652,297,918.591918
3416.579134,908,919.7093
2165.534603,591,920.444971
3069.922448,833,921.476563
3403.364416,931,922.562188
3537.810168,921,923.692853
1557.003712,458,924.290624
1910.996684,522,924.888484
3435.857733,895,925.986688
3054.288509,796,926.956007
1554.252367,475,927.49336
3754.651955,1000,928.711483
303.156518,135,928.960501
3387.052476,1000,930.199343
789.491411,301,930.548839
1210.427038,370,930.979608
2206.54768,703,931.862489
1567.249918,440,932.358433
1086.6108,388,932.86975
1137.711332,344,933.266087
1452.204698,434,933.765255
2065.457666,575,934.50006
3870.116442,1000,935.722346
739.902857,259,936.022912
3849.821227,1000,937.232668
1513.628824,468,937.84524
1615.736953,475,938.404529
933.169183,286,938.737721
2502.277654,851,939.787621
3607.990532,1000,940.994095
2196.798192,598,941.762005
508.869255,205,942.004947
694.555572,232,942.274151
1483.735032,459,942.87857
1124.191512,361,943.292577
362.545204,144,943.460964
2405.814228,659,944.285453
2456.739218,685,945.072265
3471.758156,864,946.138334
3825.09506,1000,947.368965
1481.288731,469,947.965606
2492.955645,682,948.756248
1266.531849,421,949.307302
3669.235485,1000,950.524561
3724.018013,1000,951.732746
232.368889,110,951.859667
802.681596,273,952.179762
3478.008909,1000,953.405105
674.180845,320,953.775358
2432.329362,644,954.589809
1023.688967,361,955.004656
2809.912891,720,955.905177
2804.704011,798,956.889603
1486.732107,441,957.401573
669.518927,231,957.764229
780.361096,239,958.052827
2273.184935,664,958.864359
1855.45699,492,959.533418
638.300911,258,959.842074
3776.181539,1000,961.102972
3890.442643,1000,962.352681
872.372844,271,962.673454
1000.300731,372,963.179534
1046.306053,349,963.593125
3779.734911,1000,964.847016
2960.790551,779,965.8354
1129.275907,395,966.329359
3038.438397,814,967.378992
2025.832746,524,968.065725
3743.628729,1000,969.265255
1716.24684,521,969.87063
534.770038,224,970.131314
3770.767649,1000,971.356064
1417.613587,401,971.880407
3618.155374,908,973.001165
2091.884495,589,973.716876
1501.554455,414,974.188117
3751.781281,1000,975.454494
3711.075229,1000,976.759145
1479.655174,440,977.357193
660.065367,228,977.638899
3736.165539,1000,978.949147
969.560532,295,979.299955
2037.448045,543,980.026564
1080.525993,324,980.411873
1267.611014,371,980.921773
1908.29167,562,981.59057
365.716596,172,981.795616
3971.83982,1000,983.058103
3133.588481,832,984.112835
2594.151356,702,985.010275
2346.020809,623,985.741161
1109.533149,330,986.190259
3831.865579,1000,987.421065
1834.305575,529,988.037158
2462.750307,662,988.876054
3896.827747,1000,990.093758
862.840159,285,990.424987
337.197799,158,990.605749
1303.967489,367,991.081836
3815.919724,1000,992.306802
3274.989121,818,993.273461
1621.366398,446,993.886884
2707.371699,724,994.846589
2936.54009,755,995.763251
2035.96316,526,996.658209
3970.874303,1000,998.080635
2149.867282,529,998.766468
3933.647263,1000,1000.083731
866.142466,261,1000.401705
1128.403182,328,1000.858807
3863.185065,971,1002.115918
3791.306498,1000,1003.405914
1463.716214,409,1003.93835
1938.84505,569,1004.746877
2111.391734,598,1005.477034
1482.952189,422,1006.029437
3349.388886,877,1007.131413
3769.297566,1000,1008.37464
1595.086861,442,1008.890178
1183.327898,381,1009.333132
825.908744,261,1009.706016
1897.418374,506,1010.284821
3969.397375,1000,1011.493087
1384.287545,415,1011.96467
1555.522511,448,1012.543373
1298.168899,370,1012.97574
1985.815706,628,1013.765611
1468.463826,433,1014.264263
2946.581429,760,1015.210018
667.533986,225,1015.472401
1831.904946,571,1016.204477
262.095456,110,1016.334773
2028.842403,603,1017.093084
394.5404,149,1017.266131
1679.418483,455,1017.78232
3975.635167,1000,1019.010584
2880.189768,788,1019.987667
4011.368887,1000,1021.21768
3620.993989,1000,1022.410016
3201.713859,830,1023.433035
509.199818,182,1023.646341
3422.754509,897,1024.75256
3733.536642,1000,1025.980993
1459.336497,401,1026.444452
2169.970803,596,1027.187107
1919.909229,530,1027.796345
1166.766823,344,1028.186919
3863.264128,1000,1029.397191
1750.125971,446,1029.979567
3972.019502,1000,1031.19655
2908.775105,712,1032.071213
845.094032,266,1032.374395
2193.356049,568,1033.027497
393.667797,174,1033.287123
1107.89751,359,1033.701477
3931.022138,1000,1034.918866
3023.030227,813,1035.915619
2312.343894,587,1036.582806
3513.365924,1000,1037.797161
1504.824366,434,1038.358426
591.80709,189,1038.576873
1198.657427,338,1038.963168
1339.493285,461,1039.5619
2333.102157,666,1040.319044
589.718671,199,1040.548822
505.677685,226,1040.87432
1172.663458,320,1041.247967
2033.023908,542,1041.871229
3866.897123,1000,1043.076555
4037.628514,1000,1044.287921
538.193757,192,1044.575641
548.93159,190,1044.795854
1145.932161,335,1045.181488
980.180015,318,1045.534136
297.972008,131,1045.753302
1563.006587,467,1046.29305
3212.063738,760,1047.236643
1457.642995,410,1047.719473
3413.630664,1000,1048.92991
1371.8042,412,1049.475952
500.3469,198,1049.704249
1476.356175,387,1050.154611
3645.751479,1000,1051.375218
869.417566,274,1051.693246
500.117654,188,1051.974707
1515.482847,484,1052.523202
1354.685872,377,1052.956945
4012.656174,1000,1054.171823
394.019627,164,1054.429523
1558.118291,428,1054.922942
3481.118674,896,1056.011092
802.220896,265,1056.317263
1847.885442,517,1056.97932
2683.894256,647,1057.721758
497.519569,241,1057.981286
1549.388504,467,1058.596205
792.454483,255,1058.889211
1150.17515,333,1059.269863
483.796361,183,1059.549346
462.59215,172,1059.748355
1349.388448,389,1060.19904
259.763006,117,1060.325265
3081.120362,797,1061.307712
4188.173168,1000,1062.523632
1353.949314,369,1062.950136
1335.12082,381,1063.452351
2015.127107,532,1064.063756
926.372612,280,1064.45814
3681.661252,1000,1065.682128
3408.260228,830,1066.640754
3553.060651,919,1067.746454
671.667968,219,1068.060118
3860.732134,1000,1069.209261
1383.553661,396,1069.739574
1713.703396,442,1070.249716
1895.885124,486,1070.876008
3139.706132,799,1071.868709
1872.334662,525,1072.471958
2367.149865,693,1073.335043
1160.073325,368,1073.764356
290.400401,123,1073.905982
282.441311,124,1074.049296
1046.709556,342,1074.513939
3016.51089,744,1075.37769
938.735523,311,1075.795487
4083.511676,984,1077.001913
330.358437,134,1077.158033
2096.945001,510,1077.742568
3829.249313,1000,1078.936424
1194.914192,348,1079.409699
1389.380755,440,1079.917464
3289.088972,849,1080.970376
1361.507982,462,1081.507942
328.810316,134,1081.661675
3750.106289,1000,1082.86795
3083.403276,798,1083.850883
3770.547292,1000,1085.064909
962.235461,287,1085.388504
1324.563189,394,1085.905094
729.025465,339,1086.293325
1137.792848,338,1086.74809
850.096326,291,1087.086681
3849.788299,1000,1088.310461
1283.657548,357,1088.729749
1189.508643,337,1089.115135
1137.647031,336,1089.574631
1953.292458,516,1090.176533
2433.155065,624,1090.965282
3058.139772,838,1092.006605
1714.02904,551,1092.648558
1200.082399,331,1093.091626
340.547819,137,1093.246625
3773.300226,1000,1094.471512
1466.992117,474,1095.023612
3388.685124,856,1096.087069
1958.666507,502,1096.65235
1418.982315,407,1097.188565
1652.530448,466,1097.728251
1242.003827,355,1098.201749
4057.747119,1000,1099.412502
2658.837137,686,1100.197139
285.308707,113,1100.326191
1033.702227,329,1100.772892
3675.317786,983,1101.96025
431.59728,162,1102.145456
3782.619865,1000,1103.363967
3851.81483,1000,1104.579898
1206.838488,364,1105.001963
1115.437605,359,1105.473562
3658.406899,1000,1106.68403
1732.201461,488,1107.243578
1149.684349,348,1107.643049
129.53304,72,1107.725966
3675.730141,1000,1108.932086
2432.037249,705,1109.809438
1760.786456,460,1110.399661
907.810562,302,1110.754801
814.492763,270,1111.067209
2157.707844,564,1111.783886
948.154718,314,1112.150066
2070.296901,609,1112.916609
1878.918684,488,1113.487254
2725.375772,728,1114.389773
1300.488674,383,1114.837577
1195.02402,379,1115.263406
1194.036761,368,1115.758348
3941.674072,981,1116.955172
2279.990449,602,1117.623211
1259.903609,397,1118.147736
1102.143136,353,1118.558433
1588.890772,428,1119.11885
2023.61618,568,1119.761112
642.943663,219,1120.011457
1032.181976,307,1120.471179
2401.772871,722,1121.382137
993.357795,332,1121.867785
2570.307557,653,1122.669649
3543.11862,1000,1123.999102
1525.258955,448,1124.622863
2901.841256,731,1125.456006
1844.960145,619,1126.24133
318.613442,146,1126.40467
701.429087,215,1126.654926
3820.668863,1000,1127.85332
1598.264608,461,1128.442843
355.452328,145,1128.608533
1187.191116,342,1128.994205
1035.5071,343,1129.462032
1711.147905,496,1130.040571
3735.95888,1000,1131.285037
1474.75461,410,1131.774894
2678.599618,674,1132.641831
1778.124515,515,1133.306337
2212.514016,609,1134.011821
3978.861345,979,1135.206972
751.50034,263,1135.50599
924.132465,311,1135.937041
1611.279779,438,1136.43593
2774.504872,683,1137.285905
3493.08762,851,1138.331752
3721.064435,1000,1139.553042
1182.218406,368,1139.99193
1700.094918,470,1140.549892
1121.499185,349,1141.032785
1854.07605,497,1141.620475
2328.9058,625,1142.426654
1648.443495,435,1142.941532
1211.030562,390,1143.47608
1670.60255,436,1143.994583
3033.909346,756,1144.968085
1536.558955,416,1145.453608
2689.789671,707,1146.340761
1192.971003,343,1146.752038
3367.656467,851,1147.822451
2698.283963,689,1148.745828
395.326092,188,1148.980269
1333.60205,370,1149.426117
1764.828436,468,1150.086321
1086.169397,316,1150.539708
3446.982658,891,1151.739139
1451.545379,402,1152.274324
720.783081,264,1152.658545
3478.764621,830,1153.65452
3550.224369,897,1154.816863
741.622989,234,1155.157589
1164.528365,337,1155.577312
1305.842179,365,1156.031898
4242.455219,1000,1157.307307
2416.426635,656,1158.177552
3733.558311,880,1159.349043
3117.412269,746,1160.274837
1101.428471,402,1160.845727
2045.182306,522,1161.503704
2022.177649,539,1162.228944
2435.88416,666,1163.066645
2513.750408,648,1163.948117
2520.211985,614,1164.787225
255.183005,116,1164.923685
1191.212906,375,1165.355405
2127.989914,519,1166.028967
1866.720559,531,1166.653148
1487.489166,394,1167.174468
3732.800198,936,1168.359707
3739.833325,1000,1169.543308
2854.035064,772,1170.576965
2268.94482,591,1171.325588
1292.866182,373,1171.760341
1960.993828,532,1172.442746
1483.844488,424,1172.925922
1808.069516,528,1173.624931
1110.515668,332,1174.026183
1231.462025,370,1174.474979
1192.965775,347,1174.949527
3969.602764,1000,1176.17018
1449.265722,431,1176.69212
546.82412,193,1176.92078
3999.653476,984,1178.192602
1640.798549,438,1178.785659
2726.234893,731,1179.661849
2180.812497,576,1180.430173
3395.365975,834,1181.514601
2108.981263,527,1182.121989
1079.640585,332,1182.571719
2389.722477,590,1183.243941
848.678138,283,1183.572175
4007.233249,1000,1184.861018
1221.259245,364,1185.388939
480.560918,178,1185.614073
938.651738,302,1185.984585
4038.020801,1000,1187.417225
2517.920659,676,1188.318905
2196.457211,578,1189.023876
1455.953674,392,1189.558933
2054.248714,532,1190.197653
4031.198159,1000,1191.498005
1526.49484,405,1192.12081
1538.963333,437,1192.706135
4063.014432,1000,1194.049749
1620.452455,428,1194.672227
1822.957595,539,1195.376368
1510.420118,407,1195.895676
3285.943212,784,1196.92889
2611.014541,639,1197.820323
883.64971,263,1198.171303
1563.413402,411,1198.692142
3747.033976,1000,1199.950429
2933.13383,708,1200.840792
1188.014684,339,1201.239321
2056.995922,555,1201.945353
490.050882,184,1202.15703
1407.58831,449,1202.746051
3345.420266,818,1203.737143
2217.916034,568,1204.521924
1250.157343,375,1204.986129
3654.282711,1000,1206.319627
1361.41692,420,1206.93066
2553.863716,683,1207.955162
1399.943854,386,1208.47283
2813.149939,727,1209.412005
2476.88475,621,1210.137961
2150.362865,554,1210.873727
1728.06384,489,1211.500365
3908.866505,1000,1212.903996
1167.494957,331,1213.283033
2128.333516,555,1214.002813
1787.368349,488,1214.60152
2103.5227,548,1215.322213
3313.16986,843,1216.406681
1220.850503,338,1216.833989
4041.528406,1000,1218.125256
1006.387443,364,1218.551594
2025.695011,547,1219.291051
1638.434407,469,1219.858666
1848.062176,501,1220.57394
1081.073005,348,1221.077173
4040.825366,1000,1222.341348
2148.458377,588,1223.141017
2129.007041,582,1223.877889
743.640629,232,1224.267965
955.661858,324,1224.673869
2011.910417,543,1225.363466
618.364094,234,1225.738728
1841.926361,499,1226.362517
1623.467955,436,1226.966566
1113.895251,309,1227.323227
1197.114135,346,1227.722103
1861.73556,563,1228.440328
1019.876693,286,1228.765094
1255.601519,350,1229.21515
1545.051996,436,1229.784211
1233.746672,364,1230.229284
1400.353266,379,1230.772679
2027.504265,540,1231.429827
4146.543462,977,1232.700001
1912.760627,534,1233.415787
1302.52373,403,1233.900401
3093.149706,764,1234.887356
1277.515967,361,1235.327496
1304.561361,355,1235.750628
1187.824831,334,1236.222924
401.114533,160,1236.420848
2031.781963,550,1237.10422
2768.921202,716,1238.047736
4118.763676,1000,1239.365906
503.614115,223,1239.637307
2862.292188,732,1240.600631
2309.008916,563,1241.339398
1202.118043,334,1241.733256
1875.602817,487,1242.2991
438.818903,163,1242.552009
3290.914241,848,1243.540915
1523.335377,417,1244.123863
648.157428,219,1244.382977
2002.005867,554,1245.111513
1089.658563,322,1245.519084
1304.731522,391,1245.989212
3994.934737,1000,1247.24612
448.120655,159,1247.438963
1506.140567,425,1248.005085
4059.973476,1000,1249.248779
3936.886815,1000,1250.469648
987.261855,317,1250.851204
2897.278975,741,1251.821659
3759.3057,1000,1253.11325
1236.721195,370,1253.554279
2640.806228,705,1254.438029
1491.393429,406,1254.90025
3853.01448,975,1256.135224
2133.005264,561,1256.907767
1099.326605,356,1257.351946
1202.791265,342,1257.769616
878.075626,266,1258.191803
3870.30215,1000,1259.497621
880.173573,299,1259.853929
3878.374188,1000,1261.170863
1511.614717,436,1261.712246
