#{"t_start": 1582022849.629295, "env_id": "CliffWalking-v0"}
r,l,t
-16266,2307,1.749803
-5305,2038,2.385887
-397,298,2.462731
-142,142,2.499813
-937,739,2.739036
-378,279,2.812888
-414,315,2.89508
-245,146,2.990472
-1072,874,3.223387
-1317,921,3.513721
-315,216,3.619699
-1157,959,3.916947
-424,325,4.002223
-1574,1277,4.380604
-207,207,4.434432
-602,602,4.634936
-238,238,4.697997
-296,296,4.777864
-130,130,4.860579
-126,126,4.894512
-161,161,4.937024
-380,182,4.984208
-162,162,5.02891
-377,278,5.100481
-121,121,5.179519
-55,55,5.195677
-46,46,5.207565
-57,57,5.221832
-69,69,5.240127
-142,142,5.275626
-44,44,5.286427
-84,84,5.307833
-204,204,5.362728
-268,169,5.405014
-46,46,5.416151
-69,69,5.433738
-149,149,5.521796
-117,117,5.553945
-62,62,5.570472
-87,87,5.593674
-152,152,5.634613
-294,195,5.686582
-112,112,5.716633
-105,105,5.744752
-87,87,5.816377
-80,80,5.837965
-89,89,5.8602
-65,65,5.875863
-107,107,5.903081
-122,122,5.93242
-75,75,5.950388
-51,51,5.963554
-48,48,5.977253
-83,83,6.000095
-51,51,6.013205
-43,43,6.024012
-39,39,6.033979
-53,53,6.046949
-84,84,6.068738
-31,31,6.12521
-69,69,6.144486
-95,95,6.168944
-69,69,6.187096
-190,91,6.211385
-181,82,6.232231
-52,52,6.245708
-23,23,6.251698
-69,69,6.26953
-47,47,6.282296
-65,65,6.300264
-43,43,6.311492
-174,75,6.331321
-46,46,6.343409
-60,60,6.358839
-283,85,6.380437
-66,66,6.445226
-53,53,6.45917
-38,38,6.468851
-206,107,6.49666
-111,111,6.525328
-22,22,6.531093
-130,130,6.563504
-37,37,6.572952
-60,60,6.588343
-209,110,6.618735
-79,79,6.638537
-34,34,6.648153
-51,51,6.660528
-64,64,6.676887
-87,87,6.698658
-98,98,6.774248
-45,45,6.785649
-96,96,6.80996
-59,59,6.824239
-81,81,6.845383
-35,35,6.855023
-86,86,6.876362
-61,61,6.891255
-140,140,6.927488
-34,34,6.936653
-58,58,6.951047
-51,51,6.963532
-40,40,6.973045
-60,60,6.987049
-73,73,7.004313
-43,43,7.065516
-26,26,7.073087
-74,74,7.093959
-76,76,7.113034
-69,69,7.129809
-41,41,7.139453
-77,77,7.159169
-45,45,7.17024
-39,39,7.179503
-46,46,7.190292
-199,100,7.213655
-31,31,7.222118
-53,53,7.236642
-63,63,7.252814
-64,64,7.269042
-42,42,7.278962
-66,66,7.294454
-64,64,7.309585
-38,38,7.366949
-26,26,7.373502
-28,28,7.381681
-80,80,7.402175
-78,78,7.421824
-40,40,7.431424
-39,39,7.440554
-130,31,7.447808
-56,56,7.461079
-65,65,7.475626
-42,42,7.485397
-45,45,7.495674
-29,29,7.502208
-97,97,7.527062
-79,79,7.548254
-52,52,7.561538
-40,40,7.571359
-47,47,7.582585
-143,44,7.592845
-54,54,7.605532
-34,34,7.665178
-160,61,7.681492
-54,54,7.694627
-49,49,7.707929
-36,36,7.716891
-28,28,7.723659
-37,37,7.732579
-32,32,7.740303
-36,36,7.749173
-40,40,7.759037
-31,31,7.766409
-52,52,7.778691
-71,71,7.795437
-27,27,7.801834
-42,42,7.81178
-57,57,7.827102
-42,42,7.837429
-147,48,7.850919
-53,53,7.865456
-20,20,7.870959
-41,41,7.881088
-55,55,7.894402
-28,28,7.901205
-43,43,7.912031
-55,55,7.976492
-57,57,7.992167
-28,28,8.00024
-33,33,8.008724
-41,41,8.01917
-32,32,8.027122
-33,33,8.035634
-42,42,8.046139
-42,42,8.05715
-28,28,8.064067
-75,75,8.08351
-45,45,8.094816
-51,51,8.107141
-41,41,8.11731
-33,33,8.125358
-27,27,8.133341
-33,33,8.142697
-23,23,8.149254
-40,40,8.159233
-41,41,8.169831
-43,43,8.180585
-37,37,8.18942
-33,33,8.19818
-49,49,8.210327
-23,23,8.215965
-51,51,8.228315
-37,37,8.288682
-131,32,8.297097
-44,44,8.308331
-43,43,8.320608
-51,51,8.333257
-26,26,8.339591
-34,34,8.347919
-38,38,8.35771
-31,31,8.365373
-35,35,8.373846
-33,33,8.382412
-25,25,8.388995
-35,35,8.398158
-35,35,8.406651
-44,44,8.417869
-46,46,8.429242
-41,41,8.439185
-36,36,8.449385
-37,37,8.459041
-65,65,8.476201
-39,39,8.486569
-50,50,8.499325
-52,52,8.512534
-37,37,8.521782
-36,36,8.530923
-80,80,8.605385
-26,26,8.612701
-28,28,8.620438
-33,33,8.628739
-31,31,8.636973
-22,22,8.64247
-34,34,8.651301
-56,56,8.665197
-77,77,8.684426
-39,39,8.69424
-30,30,8.701707
-26,26,8.708421
-22,22,8.713713
-38,38,8.722727
-31,31,8.730095
-58,58,8.743813
-34,34,8.753065
-31,31,8.761111
-37,37,8.772377
-27,27,8.779696
-50,50,8.793036
-50,50,8.806017
-31,31,8.813563
-41,41,8.824695
-26,26,8.831692
-29,29,8.839363
-46,46,8.850639
-30,30,8.857735
-27,27,8.910757
-25,25,8.920043
-30,30,8.927869
-37,37,8.938022
-57,57,8.952344
-28,28,8.959728
-46,46,8.971925
-23,23,8.977491
-30,30,8.985073
-24,24,8.99153
-30,30,8.999035
-27,27,9.005856
-27,27,9.012318
-19,19,9.016809
-45,45,9.028218
-35,35,9.036716
-27,27,9.043294
-23,23,9.048695
-30,30,9.055838
-37,37,9.064744
-34,34,9.073936
-30,30,9.082329
-32,32,9.090883
-29,29,9.098931
-35,35,9.107665
-31,31,9.115226
-33,33,9.124135
-34,34,9.133287
-37,37,9.143263
-43,43,9.154171
-37,37,9.163671
-38,38,9.172622
-25,25,9.226434
-36,36,9.236176
-31,31,9.244092
-19,19,9.249724
-29,29,9.257143
-30,30,9.264419
-38,38,9.273605
-30,30,9.280739
-25,25,9.286589
-33,33,9.294325
-33,33,9.302111
-30,30,9.309428
-25,25,9.315783
-29,29,9.322825
-27,27,9.329261
-22,22,9.334417
-19,19,9.338871
-25,25,9.344724
-30,30,9.352018
-21,21,9.357263
-26,26,9.36356
-32,32,9.371438
-32,32,9.380201
-28,28,9.388045
-27,27,9.394712
-15,15,9.399137
-27,27,9.406382
-30,30,9.4139
-27,27,9.420357
-34,34,9.429257
-29,29,9.436096
-34,34,9.444077
-19,19,9.448539
-30,30,9.456389
-49,49,9.468416
-23,23,9.474075
-17,17,9.524423
-19,19,9.531008
-33,33,9.539641
-28,28,9.547293
-33,33,9.555878
-31,31,9.564493
-16,16,9.568499
-29,29,9.575627
-26,26,9.582869
-30,30,9.590582
-17,17,9.594741
-29,29,9.602166
-21,21,9.607509
-23,23,9.612996
-26,26,9.61994
-26,26,9.62658
-22,22,9.632336
-27,27,9.639308
-22,22,9.644583
-31,31,9.652009
-27,27,9.658735
-24,24,9.665371
-23,23,9.671496
-32,32,9.680098
-35,35,9.689472
-26,26,9.697086
-19,19,9.703737
-30,30,9.711955
-27,27,9.719522
-32,32,9.727943
-25,25,9.735692
-23,23,9.741272
-33,33,9.751291
-31,31,9.759137
-51,51,9.773177
-25,25,9.781574
-22,22,9.787009
-22,22,9.792876
-17,17,9.798384
-35,35,9.857358
-22,22,9.86312
-20,20,9.868812
-19,19,9.873464
-23,23,9.879492
-22,22,9.885194
-20,20,9.890222
-31,31,9.89865
-31,31,9.906234
-20,20,9.911646
-24,24,9.917792
-20,20,9.922603
-34,34,9.932114
-23,23,9.937695
-16,16,9.941576
-25,25,9.948485
-23,23,9.954112
-30,30,9.962194
-24,24,9.968605
-25,25,9.974704
-26,26,9.981445
-28,28,9.988304
-28,28,9.99616
-27,27,10.0029
-22,22,10.009215
-22,22,10.014873
-15,15,10.018876
-27,27,10.025427
-19,19,10.032063
-25,25,10.038282
-23,23,10.044509
-27,27,10.051992
-30,30,10.059495
-18,18,10.064496
-29,29,10.071661
-20,20,10.079085
-32,32,10.087574
-25,25,10.093649
-17,17,10.097988
-24,24,10.10376
-35,35,10.113076
-26,26,10.120095
-19,19,10.174488
-20,20,10.179744
-22,22,10.186027
-26,26,10.192544
-16,16,10.19689
-26,26,10.203633
-19,19,10.208717
-28,28,10.21621
-19,19,10.221061
-19,19,10.226153
-27,27,10.234639
-24,24,10.240618
-23,23,10.247396
-15,15,10.251649
-24,24,10.258043
-18,18,10.263141
-22,22,10.269711
-26,26,10.27698
-27,27,10.284496
-17,17,10.288791
-26,26,10.295327
-30,30,10.303366
-18,18,10.307752
-28,28,10.316093
-19,19,10.321076
-21,21,10.327135
-27,27,10.335803
-22,22,10.341284
-23,23,10.347994
-21,21,10.353397
-17,17,10.357927
-19,19,10.363659
-140,41,10.374887
-20,20,10.381243
-23,23,10.387196
-25,25,10.393208
-16,16,10.399401
-24,24,10.405444
-21,21,10.410506
-27,27,10.418612
-21,21,10.423714
-121,22,10.429947
-22,22,10.436676
-24,24,10.442492
-21,21,10.449165
-27,27,10.505964
-19,19,10.510863
-15,15,10.51518
-23,23,10.521695
-15,15,10.525427
-25,25,10.531802
-23,23,10.53742
-23,23,10.543013
-26,26,10.54977
-23,23,10.555535
-22,22,10.560733
-31,31,10.568516
-24,24,10.574922
-25,25,10.581325
-22,22,10.587066
-17,17,10.591116
-20,20,10.596188
-19,19,10.600727
-19,19,10.605877
-27,27,10.613215
-19,19,10.617768
-38,38,10.62721
-23,23,10.632709
-26,26,10.639013
-19,19,10.643859
-25,25,10.649785
-23,23,10.655558
-25,25,10.662777
-21,21,10.668701
-22,22,10.675698
-22,22,10.681689
-27,27,10.688715
-23,23,10.694402
-30,30,10.702515
-15,15,10.706365
-29,29,10.713496
-23,23,10.7192
-119,20,10.724381
-27,27,10.731189
-19,19,10.737437
-22,22,10.743383
-21,21,10.748779
-22,22,10.754189
-24,24,10.76002
-15,15,10.763835
-25,25,10.818139
-20,20,10.824059
-27,27,10.83186
-20,20,10.838141
-19,19,10.842841
-24,24,10.849105
-23,23,10.854576
-26,26,10.86075
-17,17,10.865162
-19,19,10.869989
-24,24,10.875619
-23,23,10.88101
-20,20,10.885708
-23,23,10.8911
-21,21,10.896027
-27,27,10.902822
-19,19,10.907851
-25,25,10.91466
-28,28,10.921723
-20,20,10.927269
-15,15,10.930927
-28,28,10.937696
-25,25,10.944022
-28,28,10.951282
-19,19,10.95618
-17,17,10.960208
-20,20,10.965303
-35,35,10.974679
-19,19,10.979983
-18,18,10.985382
-28,28,10.992535
-21,21,10.999797
-19,19,11.004716
-19,19,11.009483
-21,21,11.01598
-23,23,11.021746
-24,24,11.027624
-15,15,11.032075
-27,27,11.03876
-25,25,11.045496
-18,18,11.050368
-19,19,11.055229
-24,24,11.061703
-22,22,11.067608
-27,27,11.074206
-22,22,11.08065
-20,20,11.136755
-21,21,11.144652
-22,22,11.152735
-27,27,11.161196
-20,20,11.167114
-24,24,11.174755
-25,25,11.181953
-19,19,11.186672
-22,22,11.192301
-30,30,11.200147
-27,27,11.207114
-21,21,11.212797
-22,22,11.218363
-21,21,11.22377
-20,20,11.229718
-21,21,11.23552
-24,24,11.241309
-17,17,11.245937
-24,24,11.251974
-24,24,11.258459
-25,25,11.265035
-19,19,11.269797
-23,23,11.2754
-20,20,11.280222
-24,24,11.286308
-23,23,11.293036
-15,15,11.296812
-21,21,11.302918
-17,17,11.307951
-29,29,11.316159
-25,25,11.322287
-25,25,11.32858
-29,29,11.336237
-18,18,11.340748
-18,18,11.346236
-28,28,11.353312
-19,19,11.357927
-19,19,11.362439
-25,25,11.368921
-18,18,11.373915
-18,18,11.378985
-16,16,11.383022
-15,15,11.386706
-21,21,11.391786
-15,15,11.395365
-24,24,11.401169
-20,20,11.406042
-137,38,11.46445
-24,24,11.470717
-23,23,11.47635
-28,28,11.483907
-19,19,11.488622
-23,23,11.494405
-17,17,11.499112
-22,22,11.504891
-18,18,11.509641
-21,21,11.514823
-23,23,11.5205
-24,24,11.526337
-20,20,11.531074
-21,21,11.536706
-15,15,11.540541
-18,18,11.544996
-20,20,11.549696
-24,24,11.555663
-21,21,11.560725
-19,19,11.564919
-15,15,11.569184
-22,22,11.574965
-21,21,11.580404
-23,23,11.58627
-19,19,11.591347
-22,22,11.596674
-15,15,11.60083
-19,19,11.605726
-21,21,11.611136
-22,22,11.618059
-18,18,11.623243
-15,15,11.62715
-18,18,11.632107
-125,26,11.638781
-21,21,11.643815
-18,18,11.648358
-26,26,11.654635
-15,15,11.658534
-21,21,11.664193
-18,18,11.668739
-18,18,11.673122
-19,19,11.677621
-119,20,11.682345
-19,19,11.686902
-18,18,11.691147
-27,27,11.69749
-18,18,11.701779
-18,18,11.706026
-29,29,11.71286
-22,22,11.768786
-19,19,11.773956
-26,26,11.780591
-18,18,11.786064
-22,22,11.791634
-19,19,11.796422
-23,23,11.803158
-20,20,11.808516
-26,26,11.814936
-24,24,11.821094
-24,24,11.827408
-23,23,11.833193
-24,24,11.838962
-24,24,11.845597
-24,24,11.852022
-17,17,11.856774
-19,19,11.861938
-18,18,11.867287
-19,19,11.872202
-23,23,11.877829
-19,19,11.883041
-19,19,11.887819
-18,18,11.892259
-20,20,11.898129
-15,15,11.902206
-24,24,11.908548
-22,22,11.91464
-18,18,11.919621
-18,18,11.924487
-23,23,11.93023
-23,23,11.937346
-18,18,11.941868
-25,25,11.949182
-21,21,11.954855
-20,20,11.959704
-21,21,11.965895
-20,20,11.970863
-17,17,11.974941
-22,22,11.98209
-23,23,11.988281
-19,19,11.993249
-21,21,11.998911
-125,26,12.005356
-20,20,12.010595
-15,15,12.015336
-15,15,12.019226
-20,20,12.024003
-17,17,12.028236
-19,19,12.033815
-22,22,12.039613
-21,21,12.102507
-21,21,12.108874
-25,25,12.118581
-18,18,12.124798
-17,17,12.130898
-20,20,12.137215
-22,22,12.142962
-19,19,12.147689
-23,23,12.153582
-23,23,12.159189
-20,20,12.164642
-18,18,12.169181
-18,18,12.173659
-20,20,12.178945
-21,21,12.184211
-20,20,12.190095
-22,22,12.195992
-22,22,12.201325
-19,19,12.205896
-21,21,12.21127
-25,25,12.217705
-22,22,12.223238
-18,18,12.227841
-20,20,12.232776
-24,24,12.238561
-18,18,12.243245
-18,18,12.248621
-19,19,12.253902
-22,22,12.260199
-25,25,12.266874
-25,25,12.273138
-20,20,12.278627
-23,23,12.284477
-20,20,12.289498
-20,20,12.294756
-18,18,12.299581
-15,15,12.303178
-19,19,12.308221
-19,19,12.313084
-25,25,12.319246
-22,22,12.325109
-19,19,12.32988
-17,17,12.333924
-20,20,12.338773
-18,18,12.343024
-15,15,12.347171
-20,20,12.352071
-19,19,12.357047
-21,21,12.362318
-24,24,12.368182
-17,17,12.422523
-17,17,12.427308
-17,17,12.431605
-21,21,12.438298
-18,18,12.442919
-20,20,12.448137
-21,21,12.453809
-20,20,12.458881
-18,18,12.463577
-21,21,12.469409
-15,15,12.473066
-17,17,12.477896
-17,17,12.48265
-24,24,12.489005
-15,15,12.492834
-17,17,12.497188
-17,17,12.501936
-18,18,12.506578
-15,15,12.510643
-24,24,12.518187
-23,23,12.524087
-20,20,12.529224
-23,23,12.535627
-17,17,12.540355
-15,15,12.544068
-15,15,12.54831
-20,20,12.553294
-22,22,12.559207
-15,15,12.563007
-19,19,12.56764
-20,20,12.57309
-23,23,12.579671
-20,20,12.584806
-23,23,12.591791
-17,17,12.596731
-18,18,12.601693
-22,22,12.607223
-13,13,12.610409
-16,16,12.614808
-15,15,12.618978
-15,15,12.622734
-17,17,12.627417
-18,18,12.631799
-24,24,12.63762
-16,16,12.641495
-15,15,12.645132
-28,28,12.651777
-15,15,12.655528
-17,17,12.659791
-17,17,12.66391
-18,18,12.668267
-21,21,12.673115
-21,21,12.677926
-20,20,12.682924
-17,17,12.687128
-19,19,12.738537
-19,19,12.743199
-19,19,12.747967
-15,15,12.753039
-19,19,12.75799
-21,21,12.763205
-22,22,12.769218
-18,18,12.773593
-19,19,12.778496
-23,23,12.785082
-24,24,12.790922
-17,17,12.795041
-21,21,12.800102
-17,17,12.804213
-17,17,12.808323
-20,20,12.813141
-17,17,12.817265
-17,17,12.821385
-22,22,12.826685
-24,24,12.832549
-18,18,12.836976
-17,17,12.841184
-19,19,12.846182
-20,20,12.851319
-22,22,12.857633
-20,20,12.862631
-19,19,12.867246
-19,19,12.872053
-23,23,12.878166
-16,16,12.882249
-15,15,12.88656
-22,22,12.892582
-15,15,12.897273
-21,21,12.903031
-25,25,12.90955
-16,16,12.913562
-15,15,12.918481
-19,19,12.923163
-15,15,12.927341
-19,19,12.932348
-15,15,12.9364
-18,18,12.941245
-20,20,12.946151
-15,15,12.949926
-17,17,12.954035
-15,15,12.958189
-25,25,12.964621
-16,16,12.968533
-16,16,12.972862
-15,15,12.976489
-19,19,12.98131
-15,15,12.984898
-17,17,12.989644
-20,20,12.99452
-22,22,12.99987
-16,16,13.054362
-17,17,13.058583
-15,15,13.062528
-26,26,13.069889
-18,18,13.07441
-21,21,13.080002
-15,15,13.083976
-19,19,13.088751
-15,15,13.09243
-17,17,13.097376
-13,13,13.100863
-20,20,13.105811
-17,17,13.110517
-15,15,13.114569
-21,21,13.120075
-17,17,13.124258
-15,15,13.128189
-126,27,13.135561
-15,15,13.139204
-22,22,13.145644
-15,15,13.15012
-15,15,13.154008
-18,18,13.158917
-22,22,13.164679
-20,20,13.170435
-18,18,13.17523
-17,17,13.179838
-16,16,13.184145
-13,13,13.187382
-15,15,13.191392
-20,20,13.197131
-15,15,13.201867
-15,15,13.205751
-15,15,13.209466
-21,21,13.214844
-16,16,13.219468
-17,17,13.223774
-15,15,13.227751
-21,21,13.233524
-15,15,13.237348
-18,18,13.241707
-17,17,13.24647
-15,15,13.250796
-15,15,13.254495
-19,19,13.259084
-18,18,13.264213
-21,21,13.269542
-18,18,13.273921
-20,20,13.279096
-15,15,13.284162
-15,15,13.288011
-15,15,13.29177
-14,14,13.295509
-21,21,13.301414
-16,16,13.305316
-15,15,13.309077
-17,17,13.313766
-17,17,13.319273
-17,17,13.323441
-18,18,13.376191
-18,18,13.380858
-16,16,13.385712
-17,17,13.390499
-18,18,13.395093
-15,15,13.399077
-15,15,13.403229
-16,16,13.407165
-21,21,13.412612
-18,18,13.417545
-17,17,13.421803
-17,17,13.425928
-18,18,13.430903
-19,19,13.436852
-126,27,13.443644
-15,15,13.448003
-15,15,13.452079
-15,15,13.455743
-15,15,13.459396
-15,15,13.463735
-17,17,13.46798
-18,18,13.4724
-15,15,13.476023
-18,18,13.481155
-22,22,13.486768
-15,15,13.490425
-17,17,13.494687
-19,19,13.500103
-18,18,13.504548
-15,15,13.508275
-17,17,13.512806
-15,15,13.517024
-15,15,13.520765
-18,18,13.525174
-19,19,13.531388
-18,18,13.536024
-15,15,13.539714
-15,15,13.543795
-16,16,13.548295
-15,15,13.552614
-15,15,13.55628
-15,15,13.560744
-17,17,13.566032
-17,17,13.570928
-15,15,13.574633
-122,23,13.580533
-15,15,13.58444
-17,17,13.588499
-15,15,13.592389
-17,17,13.596467
-21,21,13.601885
-18,18,13.606691
-15,15,13.610363
-17,17,13.614488
-15,15,13.618275
-15,15,13.621918
-17,17,13.626997
-24,24,13.633596
-18,18,13.638035
-15,15,13.642163
-15,15,13.694491
-17,17,13.699702
-18,18,13.704651
-19,19,13.709356
-17,17,13.714425
-18,18,13.719209
-17,17,13.723711
-19,19,13.728764
-19,19,13.734092
-15,15,13.738219
-15,15,13.741861
-16,16,13.746806
-15,15,13.750952
-18,18,13.755632
-15,15,13.759332
-16,16,13.764026
-17,17,13.768532
-21,21,13.773677
-18,18,13.778712
-18,18,13.783437
-17,17,13.788335
-21,21,13.793527
-16,16,13.797695
-20,20,13.803256
-15,15,13.806907
-22,22,13.812438
-16,16,13.817118
-120,21,13.822414
-18,18,13.826827
-17,17,13.831272
-15,15,13.835688
-17,17,13.839879
-19,19,13.844632
-15,15,13.849278
-13,13,13.853135
-27,27,13.859844
-18,18,13.865176
-19,19,13.8709
-15,15,13.874627
-18,18,13.879009
-17,17,13.884207
-17,17,13.888686
-17,17,13.892963
-19,19,13.898192
-19,19,13.903313
-15,15,13.907018
-19,19,13.911916
-15,15,13.917085
-17,17,13.921362
-15,15,13.925025
-19,19,13.930132
-15,15,13.935422
-15,15,13.939316
-15,15,13.94292
-15,15,13.948145
-15,15,13.952418
-20,20,13.957432
-15,15,13.961588
-15,15,13.966097
-15,15,14.016172
-19,19,14.023286
-17,17,14.027663
-15,15,14.031367
-19,19,14.037385
-20,20,14.042642
-18,18,14.047125
-13,13,14.051028
-19,19,14.055759
-17,17,14.060116
-15,15,14.064125
-15,15,14.068027
-19,19,14.072745
-23,23,14.078708
-15,15,14.082588
-15,15,14.086425
-15,15,14.090382
-15,15,14.09422
-15,15,14.098295
-19,19,14.102922
-15,15,14.106581
-15,15,14.110177
-24,24,14.116561
-21,21,14.121994
-21,21,14.127539
-17,17,14.131843
-20,20,14.136709
-15,15,14.140531
-18,18,14.145635
-18,18,14.150144
-21,21,14.155274
-17,17,14.159416
-16,16,14.163523
-17,17,14.167657
-18,18,14.17331
-21,21,14.180611
-16,16,14.184883
-20,20,14.190372
-16,16,14.194496
-19,19,14.199413
-16,16,14.203767
-17,17,14.207848
-17,17,14.212545
-16,16,14.216908
-17,17,14.221102
-17,17,14.225256
-15,15,14.229132
-16,16,14.23307
-15,15,14.237178
-17,17,14.241445
-17,17,14.2462
-122,23,14.25208
-15,15,14.256038
-17,17,14.260593
-22,22,14.266425
-15,15,14.270141
-18,18,14.275191
-20,20,14.280362
-18,18,14.284806
-15,15,14.336514
-22,22,14.342139
-15,15,14.346059
-15,15,14.35065
-15,15,14.354558
-15,15,14.358193
-17,17,14.362539
-20,20,14.368987
-17,17,14.37316
-24,24,14.379535
-18,18,14.384232
-19,19,14.389178
-20,20,14.394213
-15,15,14.397842
-18,18,14.402191
-15,15,14.405818
-19,19,14.410475
-25,25,14.416518
-16,16,14.42037
-17,17,14.424461
-20,20,14.429183
-18,18,14.433425
-15,15,14.436966
-15,15,14.440504
-21,21,14.445561
-17,17,14.450279
-15,15,14.454068
-15,15,14.457784
-18,18,14.462104
-15,15,14.465781
-23,23,14.471175
-17,17,14.475872
-15,15,14.479782
-15,15,14.484038
-16,16,14.488016
-17,17,14.493266
-15,15,14.497117
-19,19,14.503478
-18,18,14.508085
-19,19,14.513173
-15,15,14.517444
-18,18,14.521872
-15,15,14.526237
-18,18,14.532132
-17,17,14.536411
-16,16,14.540656
-18,18,14.545289
-19,19,14.551167
-24,24,14.557233
-17,17,14.561489
-15,15,14.565662
-17,17,14.569833
-15,15,14.573582
-17,17,14.577719
-22,22,14.584913
-20,20,14.590522
-20,20,14.596469
-17,17,14.601328
-17,17,14.654601
-15,15,14.658378
-20,20,14.663684
-15,15,14.668276
-15,15,14.67264
-20,20,14.677527
-15,15,14.681408
-15,15,14.685591
-15,15,14.689505
-17,17,14.693658
-17,17,14.698541
-17,17,14.703262
-17,17,14.707427
-15,15,14.711359
-15,15,14.71579
-24,24,14.722394
-15,15,14.726084
-15,15,14.730446
-18,18,14.736178
-18,18,14.740682
-21,21,14.74636
-19,19,14.752196
-16,16,14.756392
-15,15,14.76005
-15,15,14.764568
-16,16,14.768556
-15,15,14.772562
-15,15,14.77611
-15,15,14.780652
-16,16,14.785813
-15,15,14.790088
-15,15,14.793764
-17,17,14.798459
-17,17,14.803025
-16,16,14.80751
-20,20,14.812809
-15,15,14.816608
-17,17,14.821728
-19,19,14.826405
-15,15,14.830846
-15,15,14.834798
-23,23,14.840709
-18,18,14.845079
-19,19,14.850155
-18,18,14.854733
-16,16,14.858634
-15,15,14.862367
-19,19,14.868201
-15,15,14.872422
-16,16,14.876315
-15,15,14.880688
-15,15,14.885453
-15,15,14.889161
-15,15,14.892766
-18,18,14.898001
-21,21,14.90341
-16,16,14.907355
-17,17,14.912142
-17,17,14.916713
-15,15,14.920666
-17,17,14.925016
-17,17,14.973486
-15,15,14.978395
-15,15,14.982733
-20,20,14.988311
-15,15,14.992263
-19,19,14.996961
-15,15,15.001249
-15,15,15.004934
-15,15,15.008758
-15,15,15.012824
-19,19,15.018017
-15,15,15.022011
-17,17,15.026216
-17,17,15.03055
-15,15,15.034126
-13,13,15.037231
-18,18,15.042249
-16,16,15.046445
-15,15,15.050115
-17,17,15.054469
-15,15,15.058093
-19,19,15.063126
-16,16,15.066996
-15,15,15.071165
-15,15,15.074772
-17,17,15.079086
-16,16,15.082902
-16,16,15.086782
-17,17,15.090808
-13,13,15.094036
-15,15,15.097712
-15,15,15.10147
-15,15,15.105636
-18,18,15.110096
-16,16,15.114015
-18,18,15.118773
-18,18,15.123385
-15,15,15.127574
-16,16,15.131509
-16,16,15.136482
-15,15,15.140305
-15,15,15.145243
-15,15,15.149966
-17,17,15.154411
-15,15,15.158279
-13,13,15.161702
-15,15,15.165971
-15,15,15.170029
-20,20,15.175321
-15,15,15.179129
-23,23,15.187152
-15,15,15.191893
-17,17,15.197224
-15,15,15.20223
-15,15,15.206125
-15,15,15.209955
-18,18,15.21732
-15,15,15.221099
-17,17,15.225402
-16,16,15.229683
-15,15,15.23411
-16,16,15.238139
-17,17,15.242297
-15,15,15.246689
-17,17,15.293586
-16,16,15.298215
-15,15,15.302873
-16,16,15.307104
-16,16,15.311021
-16,16,15.315383
-15,15,15.319684
-15,15,15.323396
-17,17,15.327788
-16,16,15.332013
-15,15,15.336209
-17,17,15.34041
-15,15,15.344617
-16,16,15.348916
-17,17,15.353278
-15,15,15.356961
-15,15,15.361006
-17,17,15.365352
-15,15,15.369533
-15,15,15.373334
-15,15,15.378011
-15,15,15.381733
-15,15,15.385727
-15,15,15.389508
-18,18,15.394084
-16,16,15.39807
-15,15,15.401766
-15,15,15.405331
-15,15,15.409209
-15,15,15.412944
-17,17,15.417615
-15,15,15.421455
-18,18,15.426094
-17,17,15.430163
-15,15,15.434173
-15,15,15.437972
-15,15,15.441843
-15,15,15.44553
-15,15,15.449348
-15,15,15.453426
-15,15,15.457811
-16,16,15.461859
-15,15,15.466144
-15,15,15.470545
-18,18,15.475248
-15,15,15.478999
-15,15,15.483882
-23,23,15.490095
-17,17,15.494422
-15,15,15.498576
-16,16,15.502882
-15,15,15.506738
-17,17,15.510919
-17,17,15.515386
-17,17,15.519406
-15,15,15.523853
-15,15,15.527429
-20,20,15.532522
-15,15,15.5364
-15,15,15.540031
-15,15,15.543929
-13,13,15.54745
-19,19,15.552725
-17,17,15.556889
-15,15,15.560542
-15,15,15.60883
-15,15,15.612613
-15,15,15.616756
-15,15,15.621013
-15,15,15.62472
-17,17,15.629048
-18,18,15.634913
-15,15,15.638517
-15,15,15.642083
-16,16,15.646199
-15,15,15.64981
-15,15,15.653603
-16,16,15.657401
-16,16,15.661346
-15,15,15.664946
-16,16,15.66878
-15,15,15.672335
-17,17,15.676358
-16,16,15.68015
-15,15,15.683711
-17,17,15.687739
-17,17,15.691756
-15,15,15.695307
-15,15,15.699011
-17,17,15.703394
-15,15,15.707279
-17,17,15.711407
-16,16,15.71517
-16,16,15.718998
-16,16,15.722776
-15,15,15.726323
-15,15,15.729981
-15,15,15.733805
-16,16,15.737646
-15,15,15.741478
-17,17,15.745551
-15,15,15.749151
-17,17,15.753169
-15,15,15.75676
-16,16,15.760545
-19,19,15.765461
-18,18,15.771173
-15,15,15.775358
-16,16,15.779513
-15,15,15.783553
-16,16,15.787475
-16,16,15.791343
-15,15,15.79498
-15,15,15.799221
-17,17,15.803358
-16,16,15.807527
-15,15,15.811521
-15,15,15.815111
-17,17,15.819156
-15,15,15.822704
-15,15,15.826238
-14,14,15.829537
-16,16,15.833311
-18,18,15.838136
-15,15,15.8418
-16,16,15.845515
-15,15,15.849129
-20,20,15.853697
-15,15,15.857186
-15,15,15.906453
-15,15,15.911157
-15,15,15.915806
-16,16,15.920369
-15,15,15.924268
-15,15,15.927994
-15,15,15.932279
-15,15,15.93619
-19,19,15.940836
-15,15,15.944514
-17,17,15.949424
-15,15,15.953191
-15,15,15.956998
-17,17,15.96126
-16,16,15.967115
-16,16,15.97127
-17,17,15.975525
-15,15,15.980203
-15,15,15.984322
-16,16,15.988508
-15,15,15.992162
-15,15,15.996185
-15,15,16.000298
-18,18,16.005014
-18,18,16.009565
-16,16,16.014479
-15,15,16.018733
-17,17,16.022951
-15,15,16.026788
-17,17,16.031534
-15,15,16.035501
-16,16,16.039437
-16,16,16.043834
-16,16,16.04796
-22,22,16.053587
-18,18,16.058028
-16,16,16.063129
-15,15,16.06764
-15,15,16.071435
-16,16,16.075741
-15,15,16.079513
-15,15,16.084261
-17,17,16.088521
-15,15,16.092567
-16,16,16.097266
-15,15,16.101654
-13,13,16.10499
-15,15,16.108952
-16,16,16.1135
-16,16,16.118166
-16,16,16.122159
-15,15,16.126199
-15,15,16.130147
-15,15,16.134737
-15,15,16.138517
-15,15,16.142472
-16,16,16.146581
-17,17,16.151085
-15,15,16.15533
-16,16,16.159654
-17,17,16.164485
-15,15,16.168361
-13,13,16.17179
-15,15,16.175501
-16,16,16.180001
-15,15,16.227802
-13,13,16.23371
-16,16,16.238413
-16,16,16.242469
-15,15,16.246196
-15,15,16.251131
-18,18,16.256142
-18,18,16.260546
-17,17,16.265294
-13,13,16.26864
-17,17,16.272815
-15,15,16.276519
-19,19,16.281935
-16,16,16.28596
-16,16,16.289849
-15,15,16.293149
-18,18,16.299142
-15,15,16.303266
-15,15,16.306877
-15,15,16.310425
-15,15,16.315361
-16,16,16.319468
-17,17,16.323671
-13,13,16.326843
-19,19,16.332656
-15,15,16.33653
-15,15,16.340167
-13,13,16.343258
-17,17,16.348736
-15,15,16.352647
-16,16,16.356686
-14,14,16.360052
-15,15,16.364546
-18,18,16.368999
-15,15,16.37259
-15,15,16.376107
-14,14,16.380153
-15,15,16.383984
-16,16,16.387897
-17,17,16.392705
-15,15,16.396563
-17,17,16.401374
-16,16,16.405345
-14,14,16.408785
-16,16,16.413401
-13,13,16.416787
-20,20,16.42187
-16,16,16.425722
-15,15,16.430055
-13,13,16.433521
-15,15,16.43722
-17,17,16.441229
-15,15,16.444617
-15,15,16.449094
-15,15,16.454053
-18,18,16.459328
-15,15,16.463431
-15,15,16.467245
-123,24,16.473168
-16,16,16.477601
-15,15,16.481599
-13,13,16.485013
-17,17,16.489194
-16,16,16.493684
-15,15,16.497676
-15,15,16.544508
-17,17,16.551175
-19,19,16.556286
-16,16,16.560333
-16,16,16.564506
-15,15,16.568899
-16,16,16.573186
-17,17,16.577349
-15,15,16.581552
-15,15,16.585941
-15,15,16.589624
-15,15,16.593306
-15,15,16.597854
-17,17,16.602707
-15,15,16.606941
-15,15,16.610678
-15,15,16.614787
-16,16,16.618693
-15,15,16.623006
-15,15,16.626751
-17,17,16.631063
-15,15,16.634684
-15,15,16.638592
-16,16,16.642628
-15,15,16.646972
-17,17,16.651054
-15,15,16.654741
-15,15,16.658357
-15,15,16.662339
-15,15,16.666421
-15,15,16.671212
-15,15,16.675088
-15,15,16.679189
-15,15,16.683202
-15,15,16.687127
-15,15,16.690838
-15,15,16.695037
-16,16,16.699231
-15,15,16.704117
-16,16,16.70805
-17,17,16.713704
-15,15,16.718147
-16,16,16.722592
-15,15,16.726478
-18,18,16.731164
-18,18,16.736138
-17,17,16.740411
-15,15,16.744541
-18,18,16.749326
-15,15,16.753298
-15,15,16.757166
-16,16,16.761091
-18,18,16.766325
-13,13,16.769621
-15,15,16.77401
-15,15,16.777878
-15,15,16.782616
-13,13,16.786165
-15,15,16.789876
-13,13,16.793071
-15,15,16.797562
-15,15,16.801531
-15,15,16.80527
-17,17,16.809326
-15,15,16.81351
-15,15,16.818662
-17,17,16.868503
-16,16,16.873889
-13,13,16.877532
-15,15,16.881449
-18,18,16.887637
-16,16,16.891609
-16,16,16.895831
-16,16,16.899925
-18,18,16.904765
-14,14,16.908217
-18,18,16.913026
-14,14,16.916503
-20,20,16.922032
-16,16,16.926148
-18,18,16.931061
-15,15,16.935649
-15,15,16.939311
-15,15,16.943178
-17,17,16.94741
-17,17,16.952009
-16,16,16.956029
-16,16,16.960515
-15,15,16.964307
-13,13,16.967736
-14,14,16.971213
-20,20,16.976417
-16,16,16.980208
-15,15,16.98433
-15,15,16.988122
-15,15,16.991922
-18,18,16.996339
-19,19,17.001107
-16,16,17.004963
-15,15,17.008677
-21,21,17.01368
-15,15,17.017827
-13,13,17.021019
-15,15,17.025197
-13,13,17.02912
-16,16,17.033761
-16,16,17.037986
-13,13,17.041983
-16,16,17.046065
-15,15,17.050477
-15,15,17.054987
-17,17,17.05926
-15,15,17.063403
-13,13,17.066703
-13,13,17.070093
-17,17,17.074676
-15,15,17.078894
-18,18,17.083315
-16,16,17.08761
-17,17,17.091723
-15,15,17.095794
-16,16,17.099754
-19,19,17.104581
-15,15,17.108173
-18,18,17.112451
-14,14,17.115861
-15,15,17.119445
-15,15,17.123036
-16,16,17.126855
-17,17,17.130911
-16,16,17.13473
-17,17,17.18726
-15,15,17.192006
-13,13,17.19563
-15,15,17.199596
-15,15,17.204532
-15,15,17.208389
-15,15,17.212189
-15,15,17.216126
-13,13,17.219831
-15,15,17.223661
-16,16,17.227658
-15,15,17.231624
-13,13,17.234741
-17,17,17.238743
-16,16,17.24315
-16,16,17.247403
-15,15,17.252034
-14,14,17.255783
-16,16,17.259843
-15,15,17.264576
-16,16,17.26882
-14,14,17.273093
-13,13,17.27642
-16,16,17.281361
-18,18,17.286583
-15,15,17.290511
-13,13,17.293697
-15,15,17.297935
-15,15,17.302066
-17,17,17.306747
-15,15,17.310426
-15,15,17.314844
-16,16,17.319806
-15,15,17.323666
-17,17,17.32835
-15,15,17.332287
-13,13,17.335687
-14,14,17.339301
-13,13,17.342492
-15,15,17.347799
-15,15,17.352313
-13,13,17.355839
-15,15,17.359532
-15,15,17.363393
-15,15,17.367522
-15,15,17.372691
-17,17,17.377131
-16,16,17.381456
-13,13,17.384857
-14,14,17.388597
-17,17,17.392746
-17,17,17.397567
-15,15,17.401613
-17,17,17.406392
-13,13,17.409556
-15,15,17.414324
-14,14,17.418042
-15,15,17.422115
-15,15,17.425802
-16,16,17.430376
-17,17,17.43494
-13,13,17.438714
-15,15,17.442299
-14,14,17.446215
-16,16,17.45047
-17,17,17.455342
-13,13,17.458635
-15,15,17.462435
-115,16,17.510673
-13,13,17.514185
-15,15,17.518213
-15,15,17.52315
-15,15,17.527103
-15,15,17.530915
-15,15,17.534754
-17,17,17.53924
-17,17,17.54338
-15,15,17.547424
-15,15,17.551073
-16,16,17.55588
-14,14,17.559522
-15,15,17.563571
-17,17,17.567702
-15,15,17.571471
-18,18,17.57586
-15,15,17.579649
-13,13,17.582759
-15,15,17.586929
-14,14,17.590652
-14,14,17.594525
-19,19,17.599487
-16,16,17.603519
-15,15,17.607165
-13,13,17.61083
-15,15,17.614169
-13,13,17.617534
-15,15,17.621637
-16,16,17.625731
-16,16,17.629683
-15,15,17.633486
-15,15,17.637128
-16,16,17.641054
-14,14,17.644615
-14,14,17.64799
-16,16,17.652272
-13,13,17.655399
-15,15,17.659144
-15,15,17.662958
-14,14,17.666902
-13,13,17.670803
-13,13,17.674576
-14,14,17.678093
-15,15,17.682582
-15,15,17.686786
-15,15,17.690692
-17,17,17.694802
-15,15,17.69892
-15,15,17.703322
-14,14,17.707766
-14,14,17.711239
-15,15,17.715179
-15,15,17.71888
-15,15,17.723172
-17,17,17.727506
-15,15,17.731669
-13,13,17.734841
-15,15,17.738731
-16,16,17.742708
-16,16,17.746885
-13,13,17.750068
-16,16,17.754023
-18,18,17.758569
-16,16,17.763103
-16,16,17.767192
-15,15,17.771191
-15,15,17.774876
-15,15,17.825722
-15,15,17.829692
-15,15,17.833571
-13,13,17.837921
-15,15,17.84183
-15,15,17.845706
-15,15,17.849379
-15,15,17.854091
-15,15,17.857776
-15,15,17.861769
-15,15,17.865708
-16,16,17.870348
-15,15,17.874109
-15,15,17.878059
-15,15,17.881916
-15,15,17.886088
-15,15,17.88977
-17,17,17.894116
-15,15,17.898606
-15,15,17.902612
-17,17,17.907005
-15,15,17.910708
-15,15,17.915602
-15,15,17.919885
-17,17,17.924555
-16,16,17.928464
-15,15,17.934335
-15,15,17.938441
-16,16,17.942324
-16,16,17.946992
-15,15,17.95125
-13,13,17.955021
-13,13,17.958275
-13,13,17.961443
-13,13,17.965731
-14,14,17.96958
-17,17,17.973937
-13,13,17.977232
-15,15,17.981507
-16,16,17.986117
-17,17,17.990865
-15,15,17.994707
-19,19,18.000032
-15,15,18.004043
-15,15,18.007726
-13,13,18.011095
-14,14,18.01457
-13,13,18.018089
-13,13,18.021909
-15,15,18.025606
-20,20,18.031
-15,15,18.034755
-15,15,18.038463
-15,15,18.042217
-13,13,18.04552
-15,15,18.049207
-17,17,18.053384
-17,17,18.0575
-17,17,18.061677
-15,15,18.065243
-17,17,18.070485
-16,16,18.074734
-16,16,18.078548
-16,16,18.082359
-15,15,18.08617
-13,13,18.089342
-16,16,18.093119
-16,16,18.140824
-16,16,18.145619
-16,16,18.149656
-15,15,18.15387
-15,15,18.158336
-13,13,18.161789
-15,15,18.165617
-13,13,18.168993
-13,13,18.172303
-15,15,18.176021
-15,15,18.180175
-15,15,18.184565
-15,15,18.188717
-16,16,18.192589
-127,28,18.199929
-15,15,18.203798
-13,13,18.207035
-13,13,18.210161
-15,15,18.214468
-13,13,18.217653
-15,15,18.22196
-13,13,18.225443
-13,13,18.228734
-13,13,18.231911
-16,16,18.235952
-15,15,18.239673
-13,13,18.242873
-15,15,18.247097
-15,15,18.251005
-15,15,18.255547
-13,13,18.258833
-15,15,18.262812
-15,15,18.266677
-16,16,18.273149
-15,15,18.277056
-17,17,18.281267
-16,16,18.287351
-13,13,18.290631
-15,15,18.29452
-16,16,18.298462
-16,16,18.304557
-15,15,18.308399
-13,13,18.31161
-15,15,18.315364
-15,15,18.319806
-13,13,18.32347
-16,16,18.327634
-15,15,18.331618
-16,16,18.336909
-15,15,18.341292
-14,14,18.34508
-13,13,18.348589
-15,15,18.35396
-13,13,18.357465
-15,15,18.361466
-15,15,18.365465
-15,15,18.370999
-15,15,18.374982
-13,13,18.378427
-13,13,18.381624
-13,13,18.38613
-17,17,18.390391
-16,16,18.394477
-15,15,18.398448
-13,13,18.403008
-15,15,18.406778
-15,15,18.41065
-15,15,18.414358
-18,18,18.420205
-13,13,18.468084
-15,15,18.472897
-16,16,18.476929
-15,15,18.480616
-15,15,18.484626
-13,13,18.488313
-15,15,18.492157
-15,15,18.495853
-14,14,18.499393
-13,13,18.50372
-13,13,18.507385
-15,15,18.51184
-16,16,18.515865
-15,15,18.521028
-15,15,18.525225
-15,15,18.529314
-15,15,18.533134
-17,17,18.537721
-13,13,18.541012
-15,15,18.545194
-17,17,18.550175
-17,17,18.554597
-15,15,18.558668
-15,15,18.562334
-15,15,18.566103
-16,16,18.570021
-15,15,18.57415
-15,15,18.577723
-13,13,18.58086
-16,16,18.584982
-15,15,18.588533
-15,15,18.593318
-16,16,18.597829
-15,15,18.601849
-15,15,18.606392
-15,15,18.610063
-13,13,18.613245
-15,15,18.617092
-15,15,18.62096
-15,15,18.624673
-15,15,18.628882
-15,15,18.633106
-13,13,18.636782
-16,16,18.641063
-15,15,18.644789
-15,15,18.648679
-15,15,18.653184
-13,13,18.656525
-16,16,18.660466
-15,15,18.664884
-13,13,18.668314
-15,15,18.672142
-16,16,18.676055
-17,17,18.680403
-15,15,18.68406
-15,15,18.688539
-13,13,18.691901
-13,13,18.695617
-15,15,18.69941
-15,15,18.703843
-13,13,18.707124
-15,15,18.711126
-15,15,18.714781
-15,15,18.720487
-15,15,18.725056
-15,15,18.729327
-13,13,18.732824
-15,15,18.739012
-15,15,18.742968
-13,13,18.790114
-15,15,18.797755
-13,13,18.802873
-13,13,18.808275
-13,13,18.813278
-13,13,18.817155
-15,15,18.821834
-15,15,18.826066
-13,13,18.830134
-13,13,18.834388
-15,15,18.838478
-13,13,18.841768
-15,15,18.845658
-15,15,18.849385
-13,13,18.853121
-15,15,18.856845
-13,13,18.860334
-13,13,18.863483
-15,15,18.867798
-13,13,18.871234
-15,15,18.874839
-13,13,18.878456
-15,15,18.882068
-15,15,18.886703
-15,15,18.89046
-16,16,18.894589
-17,17,18.898767
-15,15,18.904025
-15,15,18.907978
-13,13,18.911754
-13,13,18.915104
-14,14,18.919516
-13,13,18.922836
-124,25,18.929487
-13,13,18.932667
-15,15,18.936902
-15,15,18.940596
-16,16,18.94528
-13,13,18.948481
-15,15,18.952918
-13,13,18.956214
-13,13,18.959568
-13,13,18.962787
-13,13,18.966025
-13,13,18.969669
-13,13,18.973371
-13,13,18.977603
-13,13,18.980815
-13,13,18.984746
-17,17,18.989169
-13,13,18.992704
-15,15,18.996393
-16,16,19.001097
-13,13,19.00514
-13,13,19.009113
-15,15,19.012768
-15,15,19.017182
-13,13,19.020528
-16,16,19.024496
-15,15,19.028092
-13,13,19.03143
-13,13,19.03457
-15,15,19.038176
-15,15,19.042264
-13,13,19.045531
-15,15,19.050034
-13,13,19.053419
-15,15,19.057406
-13,13,19.060554
-15,15,19.064372
-13,13,19.067532
-13,13,19.070659
-13,13,19.074149
-13,13,19.122821
-16,16,19.126812
-13,13,19.13019
-15,15,19.134008
-15,15,19.138499
-15,15,19.142819
-13,13,19.146208
-18,18,19.150819
-15,15,19.154831
-15,15,19.158746
-13,13,19.162144
-15,15,19.165819
-13,13,19.169082
-13,13,19.172191
-13,13,19.175287
-13,13,19.178513
-15,15,19.182107
-13,13,19.185664
-15,15,19.18966
-19,19,19.19434
-13,13,19.197512
-15,15,19.201182
-15,15,19.204839
-17,17,19.208994
-13,13,19.212168
-16,16,19.216069
-13,13,19.219257
-15,15,19.222961
-16,16,19.227221
-15,15,19.230951
-15,15,19.235394
-13,13,19.238594
-15,15,19.242334
-15,15,19.245991
-15,15,19.250559
-15,15,19.255542
-13,13,19.260157
-16,16,19.264273
-15,15,19.269581
-13,13,19.27305
-15,15,19.276761
-13,13,19.280074
-15,15,19.286134
-15,15,19.290443
-15,15,19.294143
-13,13,19.297586
-15,15,19.301837
-13,13,19.30567
-14,14,19.309313
-15,15,19.313127
-15,15,19.316862
-15,15,19.321685
-16,16,19.325641
-15,15,19.32945
-13,13,19.332754
-15,15,19.338179
-15,15,19.341856
-15,15,19.345807
-13,13,19.34945
-13,13,19.354045
-13,13,19.357288
-13,13,19.360566
-13,13,19.363911
-15,15,19.36885
-14,14,19.372765
-13,13,19.37594
-13,13,19.379365
-15,15,19.383799
-15,15,19.388992
-15,15,19.392861
-16,16,19.43884
-13,13,19.444836
-20,20,19.44997
-13,13,19.453869
-13,13,19.45783
-13,13,19.461261
-13,13,19.464475
-14,14,19.468488
-13,13,19.471775
-15,15,19.475655
-13,13,19.478821
-13,13,19.482365
-13,13,19.48599
-13,13,19.48942
-13,13,19.492593
-13,13,19.49574
-15,15,19.499701
-15,15,19.503294
-14,14,19.506896
-15,15,19.510535
-13,13,19.513994
-15,15,19.517999
-13,13,19.521384
-13,13,19.524488
-14,14,19.527804
-14,14,19.530889
-13,13,19.533762
-15,15,19.537101
-13,13,19.540128
-15,15,19.543441
-14,14,19.54653
-13,13,19.549397
-15,15,19.552797
-15,15,19.557253
-13,13,19.560954
-13,13,19.564313
-14,14,19.567914
-14,14,19.571262
-13,13,19.574504
-15,15,19.578787
-13,13,19.582029
-15,15,19.585944
-13,13,19.589449
-13,13,19.592652
-15,15,19.596602
-13,13,19.599781
-15,15,19.604639
-13,13,19.607991
-13,13,19.611756
-13,13,19.615831
-13,13,19.61936
-13,13,19.622565
-14,14,19.626095
-13,13,19.629624
-15,15,19.633762
-13,13,19.638297
-13,13,19.641703
-13,13,19.645003
-14,14,19.648431
-15,15,19.653334
-13,13,19.656762
-13,13,19.660266
-13,13,19.66347
-13,13,19.667469
-13,13,19.671508
-13,13,19.675184
-13,13,19.678295
-13,13,19.681455
-15,15,19.687352
-13,13,19.690912
-13,13,19.694179
-13,13,19.697385
-13,13,19.701282
-13,13,19.70536
-13,13,19.708699
-13,13,19.711905
-15,15,19.759653
-13,13,19.763271
-13,13,19.766767
-13,13,19.770795
-14,14,19.77453
-14,14,19.778121
-13,13,19.781307
-13,13,19.785461
-13,13,19.78919
-13,13,19.79241
-13,13,19.795585
-13,13,19.798776
-13,13,19.802582
-13,13,19.805854
-15,15,19.809754
-13,13,19.813191
-15,15,19.817604
-13,13,19.821048
-13,13,19.82423
-15,15,19.827832
-13,13,19.830703
-13,13,19.835189
-15,15,19.840053
-13,13,19.843614
-13,13,19.846783
-13,13,19.849991
-13,13,19.853579
-13,13,19.85679
-13,13,19.860077
-13,13,19.86326
-13,13,19.866499
-13,13,19.869853
-13,13,19.873047
-15,15,19.87671
-17,17,19.880458
-13,13,19.884416
-13,13,19.888357
-15,15,19.892382
-13,13,19.895685
-13,13,19.89918
-13,13,19.902403
-13,13,19.905496
-15,15,19.910531
-15,15,19.915614
-13,13,19.91936
-13,13,19.922662
-121,22,19.929062
-13,13,19.932433
-13,13,19.93582
-13,13,19.939218
-13,13,19.942488
-13,13,19.945681
-13,13,19.949161
-15,15,19.952986
-13,13,19.956566
-16,16,19.960721
-13,13,19.964049
-13,13,19.967214
-13,13,19.970428
-13,13,19.973908
-13,13,19.977057
-15,15,19.981098
-13,13,19.98444
-13,13,19.988147
-14,14,19.9917
-15,15,19.995371
-13,13,19.998769
-13,13,20.001898
-15,15,20.005599
-15,15,20.009173
-15,15,20.013014
-13,13,20.016441
-13,13,20.019917
-13,13,20.023171
-13,13,20.026326
-13,13,20.074449
-13,13,20.077771
-13,13,20.080969
-15,15,20.085535
-13,13,20.088899
-13,13,20.092574
-13,13,20.095806
-15,15,20.099475
-13,13,20.103133
-13,13,20.106334
-15,15,20.110406
-13,13,20.113558
-16,16,20.118116
-13,13,20.121283
-13,13,20.12477
-15,15,20.128869
-15,15,20.1328
-13,13,20.136774
-13,13,20.140133
-15,15,20.144131
-15,15,20.147728
-14,14,20.153039
-15,15,20.157143
-13,13,20.160519
-13,13,20.163819
-13,13,20.167721
-15,15,20.171945
-13,13,20.17533
-13,13,20.178521
-13,13,20.182231
-13,13,20.185801
-15,15,20.190076
-13,13,20.193276
-13,13,20.196872
-13,13,20.200139
-13,13,20.203366
-15,15,20.207323
-13,13,20.210525
-18,18,20.215409
-13,13,20.219452
-14,14,20.223304
-13,13,20.226616
-13,13,20.229956
-13,13,20.234106
-15,15,20.23986
-16,16,20.2438
-15,15,20.247454
-15,15,20.251866
-13,13,20.255668
-13,13,20.259181
-15,15,20.262876
-13,13,20.266153
-14,14,20.270913
-13,13,20.274321
-13,13,20.277546
-13,13,20.280751
-13,13,20.284909
-13,13,20.288338
-13,13,20.291688
-13,13,20.294892
-15,15,20.298592
-13,13,20.302944
-13,13,20.306297
-13,13,20.30949
-15,15,20.313138
-15,15,20.317334
-15,15,20.321465
-15,15,20.325264
-15,15,20.328955
-15,15,20.332769
-13,13,20.337395
-13,13,20.340819
-13,13,20.344002
-13,13,20.347196
-13,13,20.39361
-13,13,20.397098
-13,13,20.400571
-113,14,20.404844
-16,16,20.409177
-13,13,20.412393
-13,13,20.415912
-15,15,20.420038
-13,13,20.423382
-13,13,20.426562
-15,15,20.430771
-13,13,20.434079
-13,13,20.43746
-13,13,20.44104
-13,13,20.444246
-13,13,20.447841
-15,15,20.451766
-15,15,20.45589
-13,13,20.459175
-13,13,20.462778
-13,13,20.466031
-13,13,20.469166
-13,13,20.474045
-13,13,20.477717
-13,13,20.480898
-13,13,20.484068
-13,13,20.487397
-15,15,20.491208
-13,13,20.495094
-13,13,20.498388
-13,13,20.501714
-13,13,20.505292
-13,13,20.508494
-13,13,20.512238
-14,14,20.515647
-13,13,20.518993
-13,13,20.522111
-13,13,20.525211
-14,14,20.528992
-13,13,20.532134
-13,13,20.535438
-13,13,20.538733
-13,13,20.5422
-13,13,20.545719
-13,13,20.549031
-13,13,20.55226
-13,13,20.55588
-13,13,20.559686
-13,13,20.563603
-13,13,20.567647
-14,14,20.571355
-14,14,20.575149
-13,13,20.578417
-13,13,20.581646
-13,13,20.585658
-13,13,20.58922
-13,13,20.5925
-13,13,20.595699
-14,14,20.599305
-13,13,20.602501
-15,15,20.606192
-13,13,20.609375
-13,13,20.61255
-14,14,20.615995
-15,15,20.619667
-13,13,20.622858
-13,13,20.626116
-13,13,20.629293
-13,13,20.632546
-13,13,20.635733
-13,13,20.639074
-13,13,20.642278
-13,13,20.645375
-15,15,20.649568
-15,15,20.653261
-13,13,20.657323
-15,15,20.704151
-13,13,20.709856
-15,15,20.713654
-13,13,20.717086
-15,15,20.721661
-13,13,20.725094
-16,16,20.729121
-13,13,20.732333
-13,13,20.73613
-15,15,20.739801
-13,13,20.743012
-13,13,20.746118
-13,13,20.749209
-13,13,20.75235
-13,13,20.755423
-13,13,20.758538
-13,13,20.76161
-13,13,20.764685
-13,13,20.767834
-13,13,20.770907
-13,13,20.773979
-13,13,20.777091
-13,13,20.780164
-13,13,20.783236
-15,15,20.786848
-15,15,20.790384
-13,13,20.793462
-13,13,20.796532
-15,15,20.80065
-15,15,20.804356
-13,13,20.807895
-13,13,20.811393
-13,13,20.8149
-16,16,20.818815
-13,13,20.821971
-13,13,20.82578
-13,13,20.829296
-15,15,20.833675
-13,13,20.837013
-15,15,20.840905
-13,13,20.84412
-15,15,20.847994
-13,13,20.851296
-13,13,20.854622
-13,13,20.858058
-15,15,20.861638
-13,13,20.865082
-13,13,20.868329
-13,13,20.873149
-13,13,20.877623
-13,13,20.881114
-13,13,20.884702
-13,13,20.888502
-13,13,20.891832
-13,13,20.895031
-15,15,20.90017
-13,13,20.905098
-13,13,20.908318
-13,13,20.911777
-15,15,20.916149
-13,13,20.9211
-13,13,20.924317
-13,13,20.927589
-13,13,20.930985
-15,15,20.936907
-13,13,20.940168
-15,15,20.943969
-14,14,20.947573
-13,13,20.952059
-15,15,20.956245
-15,15,20.960095
-13,13,20.96337
-15,15,20.968352
-13,13,20.972013
-13,13,20.975444
-15,15,20.979436
-15,15,21.028684
-13,13,21.031919
-13,13,21.03565
-13,13,21.039491
-13,13,21.042929
-13,13,21.046186
-13,13,21.04951
-13,13,21.053102
-13,13,21.056284
-13,13,21.059443
-13,13,21.062886
-13,13,21.066468
-13,13,21.07024
-14,14,21.073703
-13,13,21.077289
-13,13,21.08047
-13,13,21.084067
-13,13,21.088119
-13,13,21.091486
-13,13,21.095156
-13,13,21.098404
-13,13,21.102568
-13,13,21.106088
-13,13,21.109275
-13,13,21.112532
-13,13,21.115724
-13,13,21.119693
-13,13,21.122844
-13,13,21.125987
-13,13,21.129426
-13,13,21.132771
-13,13,21.136875
-13,13,21.140271
-13,13,21.143573
-13,13,21.146799
-13,13,21.150408
-13,13,21.154308
-13,13,21.157493
-13,13,21.161562
-13,13,21.164942
-13,13,21.168982
-13,13,21.172191
-13,13,21.175397
-13,13,21.179099
-13,13,21.182312
-13,13,21.186636
-13,13,21.189915
-13,13,21.193144
-14,14,21.196645
-13,13,21.20021
-14,14,21.204391
-13,13,21.209102
-13,13,21.212562
-13,13,21.215963
-13,13,21.220238
-13,13,21.223737
-13,13,21.226975
-16,16,21.230782
-13,13,21.234416
-13,13,21.237783
-13,13,21.241068
-13,13,21.244204
-13,13,21.247296
-13,13,21.250977
-13,13,21.254253
-15,15,21.258219
-13,13,21.261719
-13,13,21.265135
-13,13,21.268369
-13,13,21.271547
-13,13,21.274839
-15,15,21.278511
-13,13,21.282365
-13,13,21.286039
-13,13,21.289721
-13,13,21.29303
-13,13,21.296231
-13,13,21.339538
-13,13,21.344315
-13,13,21.347618
-13,13,21.351024
-13,13,21.354665
-13,13,21.358107
-13,13,21.361448
-13,13,21.364616
-13,13,21.368704
-13,13,21.372153
-13,13,21.375355
-13,13,21.378605
-13,13,21.38171
-14,14,21.385614
-15,15,21.389369
-13,13,21.392534
-13,13,21.396205
-13,13,21.399409
-15,15,21.403418
-13,13,21.40654
-13,13,21.409973
-13,13,21.413333
-13,13,21.416485
-13,13,21.420075
-13,13,21.423221
-13,13,21.426924
-13,13,21.430364
-13,13,21.433924
-13,13,21.43741
-13,13,21.44061
-13,13,21.444305
-17,17,21.448433
-13,13,21.452659
-13,13,21.455949
-13,13,21.459602
-13,13,21.46309
-15,15,21.468171
-13,13,21.472139
-15,15,21.476134
-13,13,21.479324
-13,13,21.483076
-13,13,21.487356
-13,13,21.491042
-13,13,21.494238
-13,13,21.497334
-13,13,21.502251
-13,13,21.505819
-15,15,21.509995
-15,15,21.513917
-13,13,21.517384
-13,13,21.52108
-15,15,21.525555
-13,13,21.528759
-13,13,21.531901
-13,13,21.53616
-13,13,21.539653
-13,13,21.543091
-13,13,21.546314
-15,15,21.551073
-13,13,21.554843
-13,13,21.558314
-13,13,21.561534
-13,13,21.56477
-13,13,21.569343
-13,13,21.572867
-122,23,21.578633
-13,13,21.581849
-13,13,21.586209
-13,13,21.589483
-13,13,21.592794
-13,13,21.595988
-13,13,21.599213
-13,13,21.603907
-13,13,21.607397
-15,15,21.611332
-13,13,21.614768
-13,13,21.619581
-15,15,21.665849
-13,13,21.669848
-13,13,21.673512
-13,13,21.676998
-13,13,21.680229
-15,15,21.684461
-13,13,21.68791
-13,13,21.691611
-13,13,21.694881
-13,13,21.698005
-13,13,21.702077
-13,13,21.705299
-13,13,21.708777
-13,13,21.712213
-15,15,21.716602
-13,13,21.720029
-13,13,21.72335
-13,13,21.726611
-13,13,21.729861
-13,13,21.73322
-13,13,21.736404
-13,13,21.739751
-13,13,21.742929
-15,15,21.746604
-13,13,21.750162
-13,13,21.753441
-15,15,21.757658
-13,13,21.760963
-13,13,21.764189
-13,13,21.767371
-13,13,21.770669
-13,13,21.773871
-13,13,21.777029
-13,13,21.780848
-13,13,21.784247
-13,13,21.787903
-13,13,21.791038
-13,13,21.79424
-13,13,21.797372
-13,13,21.800483
-13,13,21.803587
-13,13,21.806696
-13,13,21.809796
-16,16,21.813607
-13,13,21.816712
-13,13,21.819816
-13,13,21.822924
-13,13,21.826826
-14,14,21.830537
-13,13,21.833794
-13,13,21.837761
-15,15,21.842172
-13,13,21.845407
-13,13,21.848875
-13,13,21.852346
-13,13,21.856077
-14,14,21.859505
-13,13,21.863253
-13,13,21.867215
-13,13,21.87049
-13,13,21.873739
-13,13,21.876954
-13,13,21.880819
-13,13,21.884009
-13,13,21.887161
-13,13,21.89023
-13,13,21.893171
-15,15,21.896613
-13,13,21.899743
-13,13,21.90268
-15,15,21.906248
-15,15,21.910166
-13,13,21.91318
-13,13,21.916121
-13,13,21.919994
-13,13,21.923693
-15,15,21.927527
-13,13,21.973583
-13,13,21.977254
-13,13,21.980704
-13,13,21.983912
-13,13,21.987452
-15,15,21.99202
-13,13,21.995246
-13,13,21.99858
-14,14,22.002047
-13,13,22.005578
-13,13,22.008771
-13,13,22.01198
-13,13,22.016182
-13,13,22.019444
-13,13,22.023087
-13,13,22.026424
-13,13,22.029901
-13,13,22.033041
-14,14,22.036706
-13,13,22.039867
-13,13,22.042962
-13,13,22.046571
-13,13,22.049859
-14,14,22.053908
-13,13,22.057122
-13,13,22.060734
-13,13,22.064059
-13,13,22.067255
-15,15,22.071703
-13,13,22.075061
-13,13,22.078454
-13,13,22.081692
-13,13,22.086419
-13,13,22.089937
-13,13,22.104495
-13,13,22.108584
-13,13,22.112685
-13,13,22.116103
-13,13,22.120135
-13,13,22.123492
-13,13,22.126911
-13,13,22.130107
-13,13,22.133698
-15,15,22.138583
-13,13,22.141971
-13,13,22.145362
-13,13,22.149258
-13,13,22.153427
-13,13,22.157702
-13,13,22.161548
-13,13,22.164783
-13,13,22.16824
-13,13,22.171759
-13,13,22.175078
-13,13,22.178404
-15,15,22.1821
-13,13,22.185894
-13,13,22.189185
-13,13,22.192614
-13,13,22.195767
-13,13,22.198872
-13,13,22.202862
-15,15,22.206994
-13,13,22.210423
-13,13,22.213567
-13,13,22.21727
-13,13,22.2212
-13,13,22.224448
-13,13,22.22778
-13,13,22.230943
-14,14,22.234963
-13,13,22.238329
-13,13,22.241641
-13,13,22.245005
-13,13,22.248171
-13,13,22.25179
-13,13,22.25565
-13,13,22.300471
-13,13,22.308006
-13,13,22.31227
-13,13,22.317322
-14,14,22.322074
-13,13,22.326217
-13,13,22.330082
-15,15,22.333954
-15,15,22.338113
-15,15,22.342877
-13,13,22.346163
-13,13,22.349466
-13,13,22.353057
-13,13,22.356462
-13,13,22.359828
-13,13,22.363012
-13,13,22.366202
-13,13,22.37105
-13,13,22.374582
-121,22,22.380471
-13,13,22.383863
-13,13,22.387266
-13,13,22.390493
-13,13,22.393702
-13,13,22.396871
-13,13,22.400632
-13,13,22.404522
-13,13,22.407819
-13,13,22.411164
-13,13,22.414708
-13,13,22.418157
-13,13,22.421709
-13,13,22.424963
-13,13,22.428146
-13,13,22.431804
-13,13,22.435067
-13,13,22.438483
-13,13,22.44176
-13,13,22.445065
-13,13,22.449002
-13,13,22.452429
-13,13,22.45595
-13,13,22.459076
-13,13,22.462733
-13,13,22.466319
-13,13,22.469707
-13,13,22.474093
-13,13,22.477591
-13,13,22.480911
-13,13,22.484171
-13,13,22.48845
-13,13,22.491713
-15,15,22.49554
-13,13,22.498831
-13,13,22.502232
-13,13,22.505469
-13,13,22.508652
-13,13,22.512224
-13,13,22.515431
-13,13,22.518824
-13,13,22.522208
-13,13,22.525652
-13,13,22.529199
-13,13,22.532341
-13,13,22.535551
-13,13,22.538683
-13,13,22.541826
-13,13,22.545546
-13,13,22.54885
-15,15,22.552693
-13,13,22.555898
-14,14,22.559427
-13,13,22.562631
-13,13,22.565811
-13,13,22.569176
-13,13,22.572301
-13,13,22.575971
-13,13,22.621798
-13,13,22.62695
-13,13,22.630256
-13,13,22.633642
-13,13,22.637719
-13,13,22.641329
-14,14,22.644775
-13,13,22.648165
-13,13,22.651692
-13,13,22.655273
-13,13,22.658787
-15,15,22.662484
-13,13,22.665961
-13,13,22.66963
-13,13,22.673183
-14,14,22.676609
-14,14,22.680833
-13,13,22.684516
-13,13,22.688483
-13,13,22.691743
-13,13,22.694982
-13,13,22.699064
-13,13,22.702534
-14,14,22.706367
-13,13,22.709589
-13,13,22.713287
-13,13,22.716582
-13,13,22.720612
-13,13,22.724055
-13,13,22.727327
-15,15,22.73111
-13,13,22.734429
-15,15,22.738538
-13,13,22.741758
-13,13,22.74532
-15,15,22.749284
-13,13,22.753068
-13,13,22.756424
-13,13,22.759705
-13,13,22.762978
-13,13,22.766485
-13,13,22.770467
-13,13,22.773685
-13,13,22.777095
-13,13,22.780326
-13,13,22.783649
-13,13,22.787756
-13,13,22.79129
-13,13,22.79469
-14,14,22.798207
-13,13,22.801674
-13,13,22.80556
-13,13,22.808918
-13,13,22.812251
-13,13,22.815456
-13,13,22.819404
-13,13,22.823398
-14,14,22.827049
-14,14,22.830419
-13,13,22.833571
-13,13,22.837485
-13,13,22.841023
-13,13,22.844484
-13,13,22.847668
-13,13,22.851687
-13,13,22.855496
-13,13,22.858696
-13,13,22.862306
-13,13,22.865502
-13,13,22.868891
-13,13,22.872924
-13,13,22.876114
-13,13,22.879633
-13,13,22.883079
-13,13,22.887016
-13,13,22.890717
-13,13,22.89432
-14,14,22.898051
-13,13,22.945274
-13,13,22.94862
-13,13,22.95188
-13,13,22.956589
-13,13,22.959974
-13,13,22.963303
-13,13,22.966488
-13,13,22.969914
-13,13,22.974163
-13,13,22.97745
-13,13,22.980627
-13,13,22.98392
-13,13,22.987507
-14,14,22.991287
-13,13,22.994655
-13,13,22.997831
-13,13,23.001481
-15,15,23.005053
-14,14,23.008419
-13,13,23.011902
-13,13,23.015012
-13,13,23.018688
-13,13,23.022266
-13,13,23.025691
-14,14,23.029114
-13,13,23.032286
-13,13,23.035618
-13,13,23.038807
-13,13,23.042481
-13,13,23.045622
-13,13,23.049012
-13,13,23.052538
-13,13,23.055773
-13,13,23.059244
-13,13,23.062376
-13,13,23.065679
-13,13,23.068795
-13,13,23.071908
-13,13,23.075189
-13,13,23.078278
-13,13,23.081858
-13,13,23.085374
-15,15,23.089045
-13,13,23.092218
-13,13,23.095412
-17,17,23.099836
-13,13,23.103041
-13,13,23.107019
-13,13,23.110417
-13,13,23.114789
-13,13,23.118381
-13,13,23.12209
-13,13,23.125305
-13,13,23.128478
-13,13,23.132786
-13,13,23.135986
-13,13,23.140119
-13,13,23.14358
-13,13,23.147029
-13,13,23.150196
-14,14,23.153776
-13,13,23.157032
-13,13,23.160287
-13,13,23.164049
-13,13,23.167244
-13,13,23.170992
-13,13,23.174184
-13,13,23.177364
-13,13,23.180536
-13,13,23.183697
-13,13,23.187131
-13,13,23.190324
-13,13,23.193708
-13,13,23.197275
-13,13,23.20073
-13,13,23.204355
-13,13,23.2076
-13,13,23.210835
-13,13,23.256901
-13,13,23.260749
-13,13,23.26396
-14,14,23.267679
-13,13,23.271958
-13,13,23.275389
-13,13,23.278604
-13,13,23.281861
-13,13,23.285177
-13,13,23.288896
-13,13,23.292296
-13,13,23.295557
-13,13,23.299671
-13,13,23.30344
-13,13,23.306903
-13,13,23.310098
-13,13,23.313247
-13,13,23.316652
-13,13,23.319775
-13,13,23.323163
-13,13,23.3265
-14,14,23.330192
-14,14,23.33378
-13,13,23.337044
-13,13,23.34069
-13,13,23.344062
-13,13,23.347259
-13,13,23.350434
-13,13,23.353603
-13,13,23.356789
-13,13,23.359959
-13,13,23.363143
-13,13,23.366378
-13,13,23.369552
-13,13,23.372844
-13,13,23.375953
-13,13,23.379602
-13,13,23.383316
-13,13,23.386994
-13,13,23.390124
-13,13,23.393239
-13,13,23.396991
-14,14,23.400414
-13,13,23.403797
-13,13,23.406889
-13,13,23.410212
-13,13,23.413359
-13,13,23.416452
-13,13,23.420534
-13,13,23.424088
-13,13,23.427992
-13,13,23.43148
-14,14,23.434959
-13,13,23.438425
-13,13,23.441616
-13,13,23.445044
-13,13,23.44924
-13,13,23.45311
-13,13,23.456382
-13,13,23.46008
-13,13,23.463239
-13,13,23.466502
-13,13,23.470309
-13,13,23.473588
-13,13,23.477113
-13,13,23.480245
-13,13,23.483823
-13,13,23.4875
-13,13,23.490861
-13,13,23.494078
-13,13,23.497304
-13,13,23.501165
-13,13,23.504979
-13,13,23.508336
-13,13,23.511688
-14,14,23.515206
-13,13,23.51871
-13,13,23.521959
-13,13,23.566493
-13,13,23.570538
-13,13,23.574941
-13,13,23.578285
-13,13,23.581679
-13,13,23.585029
-13,13,23.589503
-13,13,23.592938
-13,13,23.596301
-13,13,23.599557
-13,13,23.603124
-13,13,23.606719
-13,13,23.609922
-13,13,23.613224
-13,13,23.616584
-13,13,23.620374
-13,13,23.623625
-13,13,23.626795
-13,13,23.630425
-14,14,23.634378
-13,13,23.638563
-13,13,23.641781
-13,13,23.645178
-14,14,23.648671
-13,13,23.653328
-13,13,23.657006
-13,13,23.660543
-13,13,23.663748
-14,14,23.667761
-13,13,23.671609
-13,13,23.674893
-13,13,23.678582
-13,13,23.68178
-13,13,23.686099
-13,13,23.689504
-13,13,23.692882
-13,13,23.69607
-13,13,23.699416
-14,14,23.703491
-13,13,23.706928
-13,13,23.710435
-13,13,23.71375
-13,13,23.717707
-13,13,23.720948
-13,13,23.724305
-13,13,23.728314
-14,14,23.731789
-13,13,23.735384
-13,13,23.739332
-13,13,23.743079
-14,14,23.746522
-13,13,23.749792
-14,14,23.753697
-13,13,23.757207
-13,13,23.760418
-13,13,23.763623
-13,13,23.767305
-13,13,23.771519
-13,13,23.774846
-13,13,23.778036
-13,13,23.7812
-13,13,23.784957
-13,13,23.788513
-13,13,23.791743
-13,13,23.794672
-13,13,23.797585
-13,13,23.802175
-13,13,23.806118
-13,13,23.809332
-13,13,23.81251
-13,13,23.815806
-13,13,23.819444
-13,13,23.822808
-13,13,23.826055
-13,13,23.829264
-14,14,23.832732
-13,13,23.836775
-13,13,23.839936
-14,14,23.884878
-13,13,23.889963
-13,13,23.893236
-13,13,23.896416
-15,15,23.900065
-13,13,23.90373
-13,13,23.907269
-14,14,23.910726
-14,14,23.91414
-14,14,23.917938
-14,14,23.92163
-13,13,23.925468
-13,13,23.928752
-13,13,23.93194
-13,13,23.935443
-13,13,23.938642
-13,13,23.941864
-15,15,23.945517
-13,13,23.948748
-13,13,23.951876
-13,13,23.955004
-13,13,23.958215
-13,13,23.961299
-14,14,23.964763
-13,13,23.968392
-14,14,23.971982
-13,13,23.975781
-14,14,23.979318
-13,13,23.982766
-13,13,23.985926
-13,13,23.989093
-13,13,23.992258
-14,14,23.995648
-13,13,23.998934
-14,14,24.002361
-15,15,24.006133
-13,13,24.00925
-13,13,24.012373
-13,13,24.015837
-13,13,24.019059
-13,13,24.022411
-13,13,24.025507
-13,13,24.028596
-13,13,24.032093
-13,13,24.035744
-13,13,24.039225
-13,13,24.042343
-13,13,24.045783
-14,14,24.050111
-13,13,24.054039
-14,14,24.058078
-13,13,24.061956
-13,13,24.065216
-14,14,24.068664
-14,14,24.072885
-13,13,24.076103
-13,13,24.079639
-13,13,24.082885
-13,13,24.087766
-14,14,24.091343
-14,14,24.095099
-14,14,24.098533
-13,13,24.102949
-13,13,24.106464
-14,14,24.110079
-22,22,24.115534
-13,13,24.119388
-14,14,24.123056
-13,13,24.126491
-15,15,24.130149
-13,13,24.133602
-14,14,24.137409
-13,13,24.14065
-13,13,24.144084
-14,14,24.14754
-14,14,24.151482
-13,13,24.195458
-13,13,24.199003
-13,13,24.202399
-13,13,24.206518
-13,13,24.210457
-13,13,24.213692
-13,13,24.217099
-13,13,24.220571
-13,13,24.223992
-13,13,24.227505
-13,13,24.230732
-13,13,24.234158
-13,13,24.237467
-13,13,24.24082
-13,13,24.244468
-13,13,24.247794
-13,13,24.251168
-13,13,24.255118
-13,13,24.25842
-13,13,24.262038
-13,13,24.265278
-13,13,24.268955
-13,13,24.272513
-14,14,24.275997
-13,13,24.279202
-13,13,24.2824
-13,13,24.286557
-14,14,24.290167
-13,13,24.293483
-14,14,24.296906
-13,13,24.300263
-13,13,24.304669
-13,13,24.3079
-13,13,24.311524
-13,13,24.314653
-13,13,24.3185
-13,13,24.322087
-13,13,24.325281
-13,13,24.329149
-13,13,24.33262
-13,13,24.336652
-13,13,24.340178
-14,14,24.343791
-14,14,24.347215
-13,13,24.3509
-13,13,24.354438
-14,14,24.358337
-14,14,24.362286
-13,13,24.365532
-13,13,24.369678
-14,14,24.373903
-14,14,24.37787
-13,13,24.381056
-13,13,24.384457
-13,13,24.387867
-13,13,24.391261
-13,13,24.394578
-13,13,24.397743
-13,13,24.401011
-13,13,24.404178
-13,13,24.407408
-13,13,24.410619
-13,13,24.4138
-13,13,24.417507
-13,13,24.420755
-13,13,24.424397
-13,13,24.427634
-14,14,24.431527
-13,13,24.434788
-13,13,24.437906
-13,13,24.441394
-13,13,24.444505
-13,13,24.447905
-13,13,24.451462
-13,13,24.454959
-13,13,24.458167
-13,13,24.461425
-15,15,24.46544
-13,13,24.510646
-13,13,24.514136
-13,13,24.517366
-13,13,24.52127
-13,13,24.524976
-13,13,24.528441
-13,13,24.531645
-14,14,24.535103
-13,13,24.538622
-13,13,24.541865
-13,13,24.545585
-14,14,24.549203
-13,13,24.552734
-13,13,24.555913
-13,13,24.559505
-13,13,24.563001
-13,13,24.566163
-13,13,24.569735
-14,14,24.573257
-13,13,24.576458
-13,13,24.579651
-13,13,24.58286
-13,13,24.586061
-13,13,24.589277
-13,13,24.593097
-13,13,24.596293
-13,13,24.599931
-13,13,24.603349
-13,13,24.606517
-14,14,24.610059
-13,13,24.613251
-13,13,24.616692
-13,13,24.6199
-13,13,24.623308
-14,14,24.626836
-13,13,24.629946
-13,13,24.633152
-13,13,24.636255
-13,13,24.639506
-13,13,24.642606
-13,13,24.645702
-13,13,24.649015
-13,13,24.652155
-13,13,24.655289
-13,13,24.658667
-14,14,24.66221
-13,13,24.665755
-13,13,24.66932
-13,13,24.673148
-13,13,24.676485
-13,13,24.679776
-13,13,24.684034
-13,13,24.688153
-13,13,24.691361
-13,13,24.694664
-13,13,24.697905
-13,13,24.701217
-13,13,24.705684
-14,14,24.709094
-13,13,24.712576
-13,13,24.715719
-13,13,24.718864
-13,13,24.722523
-13,13,24.725961
-13,13,24.729856
-13,13,24.733079
-13,13,24.736575
-13,13,24.739727
-13,13,24.742833
-13,13,24.746464
-13,13,24.749709
-13,13,24.753217
-13,13,24.756354
-13,13,24.759466
-13,13,24.76265
-13,13,24.76575
-13,13,24.769046
-13,13,24.772191
-13,13,24.81694
-13,13,24.821372
-13,13,24.825678
-14,14,24.829374
-13,13,24.832623
-13,13,24.836683
-13,13,24.840307
-13,13,24.843666
-13,13,24.846843
-13,13,24.850488
-13,13,24.854054
-13,13,24.857584
-13,13,24.860859
-13,13,24.864069
-13,13,24.868
-13,13,24.871502
-13,13,24.874903
-13,13,24.8781
-13,13,24.881785
-13,13,24.88527
-13,13,24.888936
-13,13,24.892294
-13,13,24.895491
-13,13,24.899253
-13,13,24.902635
-13,13,24.906
-13,13,24.90923
-13,13,24.912651
-113,14,24.916475
-13,13,24.920279
-13,13,24.924477
-13,13,24.927687
-13,13,24.930928
-13,13,24.93485
-13,13,24.938189
-13,13,24.941438
-113,14,24.945003
-13,13,24.948158
-13,13,24.952365
-13,13,24.956557
-13,13,24.959678
-14,14,24.96303
-13,13,24.966227
-13,13,24.970957
-13,13,24.974634
-13,13,24.977883
-13,13,24.98104
-13,13,24.985712
-13,13,24.989379
-13,13,24.992678
-13,13,24.995851
-13,13,24.999016
-13,13,25.002683
-13,13,25.00708
-13,13,25.010387
-13,13,25.013576
-13,13,25.017038
-14,14,25.020707
-13,13,25.024309
-13,13,25.027532
-13,13,25.030798
-14,14,25.034768
-13,13,25.038847
-13,13,25.042169
-13,13,25.045368
-13,13,25.048533
-14,14,25.053128
-13,13,25.057092
-13,13,25.060232
-13,13,25.063373
-13,13,25.066552
-13,13,25.071095
-13,13,25.074457
-13,13,25.077637
-13,13,25.080798
-14,14,25.084692
-13,13,25.089069
-13,13,25.092274
-13,13,25.138447
-13,13,25.143005
-13,13,25.14649
-13,13,25.149843
-13,13,25.153527
-13,13,25.157289
-13,13,25.160528
-14,14,25.164135
-13,13,25.167413
-13,13,25.170972
-13,13,25.174338
-13,13,25.177455
-14,14,25.181338
-13,13,25.184757
-13,13,25.188107
-15,15,25.191819
-13,13,25.195841
-13,13,25.199539
-13,13,25.203307
-113,14,25.206893
-13,13,25.210218
-13,13,25.213579
-13,13,25.216686
-15,15,25.220845
-13,13,25.223961
-13,13,25.227529
-13,13,25.230842
-13,13,25.234217
-13,13,25.238072
-13,13,25.241461
-13,13,25.244921
-13,13,25.24812
-13,13,25.25221
-13,13,25.255863
-13,13,25.259549
-13,13,25.26298
-13,13,25.266362
-13,13,25.270517
-13,13,25.27407
-13,13,25.277527
-13,13,25.280726
-13,13,25.284363
-13,13,25.287753
-13,13,25.291072
-13,13,25.29428
-13,13,25.29746
-13,13,25.301828
-13,13,25.305381
-13,13,25.308741
-13,13,25.311955
-13,13,25.315687
-13,13,25.31908
-13,13,25.322821
-13,13,25.32606
-13,13,25.32925
-13,13,25.332829
-13,13,25.33632
-13,13,25.339655
-13,13,25.342859
-14,14,25.346387
-13,13,25.349907
-13,13,25.353094
-13,13,25.357459
-13,13,25.360835
-13,13,25.364009
-13,13,25.367501
-13,13,25.370826
-13,13,25.374013
-13,13,25.377164
-13,13,25.380254
-13,13,25.384286
-13,13,25.387901
-13,13,25.39123
-13,13,25.394529
-13,13,25.397786
-14,14,25.402341
-13,13,25.405778
-13,13,25.408954
-13,13,25.451961
-13,13,25.457308
-13,13,25.460547
-13,13,25.463734
-13,13,25.467401
-13,13,25.471106
-13,13,25.474622
-13,13,25.478195
-13,13,25.481582
-13,13,25.485914
-13,13,25.489193
-13,13,25.492635
-13,13,25.495836
-13,13,25.499009
-13,13,25.502621
-15,15,25.506337
-13,13,25.509937
-13,13,25.513305
-13,13,25.517126
-13,13,25.520253
-13,13,25.523473
-13,13,25.526999
-13,13,25.530204
-13,13,25.533983
-13,13,25.53754
-13,13,25.541211
-13,13,25.544411
-13,13,25.547511
-13,13,25.551219
-13,13,25.554386
-13,13,25.558044
-13,13,25.561521
-13,13,25.56546
-13,13,25.568728
-13,13,25.571919
-13,13,25.575092
-13,13,25.578259
-13,13,25.581442
-13,13,25.58461
-13,13,25.587795
-13,13,25.591002
-13,13,25.594172
-13,13,25.597997
-13,13,25.601193
-13,13,25.604706
-13,13,25.608258
-13,13,25.611562
-13,13,25.614838
-13,13,25.617997
-13,13,25.622742
-13,13,25.626534
-13,13,25.630922
-13,13,25.634451
-13,13,25.638008
-13,13,25.641215
-13,13,25.644601
-13,13,25.647969
-13,13,25.651319
-13,13,25.655427
-13,13,25.658744
-13,13,25.662404
-13,13,25.665538
-15,15,25.669614
-13,13,25.672904
-13,13,25.676302
-13,13,25.679851
-13,13,25.683246
-13,13,25.686489
-13,13,25.689667
-13,13,25.693276
-13,13,25.696673
-13,13,25.699843
-13,13,25.703305
-13,13,25.706448
-13,13,25.709786
-13,13,25.713123
-13,13,25.716459
-13,13,25.719769
-13,13,25.722875
-13,13,25.767675
-13,13,25.772386
-13,13,25.775993
-13,13,25.779228
-13,13,25.782438
-13,13,25.785833
-13,13,25.790096
-13,13,25.793417
-13,13,25.79661
-13,13,25.799871
-13,13,25.803277
-13,13,25.807219
-13,13,25.810387
-13,13,25.813654
-13,13,25.817201
-13,13,25.820576
-13,13,25.824154
-13,13,25.827248
-13,13,25.830569
-13,13,25.833666
-13,13,25.83678
-13,13,25.84051
-13,13,25.843843
-13,13,25.847235
-15,15,25.850805
-15,15,25.854436
-13,13,25.85753
-13,13,25.860622
-13,13,25.863795
-13,13,25.866896
-13,13,25.870071
-13,13,25.873159
-13,13,25.876422
-13,13,25.880067
-13,13,25.883309
-13,13,25.886507
-13,13,25.889696
-13,13,25.892883
-13,13,25.896215
-13,13,25.899406
-13,13,25.903096
-13,13,25.906357
-13,13,25.910003
-13,13,25.913306
-13,13,25.916484
-15,15,25.920316
-13,13,25.923663
-13,13,25.927453
-13,13,25.931215
-13,13,25.934876
-13,13,25.939355
-13,13,25.943091
-13,13,25.946306
-13,13,25.949595
-13,13,25.954194
-13,13,25.957626
-13,13,25.960895
-13,13,25.964084
-13,13,25.968371
-13,13,25.971998
-13,13,25.975423
-14,14,25.978849
-13,13,25.982855
-13,13,25.986581
-13,13,25.990019
-13,13,25.993275
-13,13,25.996402
-13,13,26.000292
-13,13,26.003756
-13,13,26.007181
-13,13,26.010379
-13,13,26.013967
-13,13,26.017588
-13,13,26.021286
-15,15,26.025096
-13,13,26.028303
-13,13,26.031496
-13,13,26.035578
-13,13,26.080441
-13,13,26.084301
-14,14,26.08868
-13,13,26.092761
-13,13,26.095986
-13,13,26.0992
-13,13,26.102805
-13,13,26.106452
-13,13,26.109855
-13,13,26.113026
-13,13,26.116388
-13,13,26.121068
-13,13,26.124612
-13,13,26.127844
-13,13,26.131009
-13,13,26.134614
-13,13,26.138054
-13,13,26.141418
-13,13,26.144681
-13,13,26.147855
-13,13,26.151657
-13,13,26.155464
-13,13,26.158762
-13,13,26.161936
-13,13,26.165185
-13,13,26.168779
-13,13,26.172078
-13,13,26.175422
-13,13,26.178629
-13,13,26.181763
-13,13,26.185658
-13,13,26.189039
-13,13,26.192306
-13,13,26.195489
-13,13,26.198665
-13,13,26.202549
-13,13,26.205926
-13,13,26.209195
-13,13,26.212369
-13,13,26.215529
-13,13,26.220238
-13,13,26.224731
-13,13,26.22869
-13,13,26.233796
-13,13,26.237952
-13,13,26.241665
-13,13,26.245533
-13,13,26.250163
-13,13,26.254111
-13,13,26.258456
-13,13,26.261722
-13,13,26.265128
-14,14,26.268962
-13,13,26.272556
-13,13,26.275905
-13,13,26.279474
-13,13,26.282804
-13,13,26.286739
-13,13,26.290039
-13,13,26.29321
-13,13,26.296653
-15,15,26.30047
-13,13,26.304029
-13,13,26.307628
-13,13,26.310838
-13,13,26.314002
-13,13,26.317254
-13,13,26.320541
-13,13,26.323711
-13,13,26.327129
-13,13,26.330319
-13,13,26.333525
-13,13,26.337443
-13,13,26.340645
-13,13,26.344173
-13,13,26.347574
-13,13,26.350744
-13,13,26.354042
-13,13,26.397248
-13,13,26.4025
-13,13,26.406585
-13,13,26.410218
-13,13,26.413416
-13,13,26.41743
-13,13,26.421302
-13,13,26.424988
-13,13,26.428133
-13,13,26.431258
-13,13,26.435482
-13,13,26.43922
-13,13,26.443153
-13,13,26.446353
-13,13,26.450161
-13,13,26.453877
-13,13,26.457409
-13,13,26.46059
-13,13,26.463857
-13,13,26.467354
-13,13,26.470627
-13,13,26.473947
-13,13,26.47708
-13,13,26.480769
-13,13,26.484884
-13,13,26.488405
-13,13,26.491635
-13,13,26.4948
-14,14,26.49844
-13,13,26.501812
-13,13,26.505252
-13,13,26.50847
-13,13,26.511655
-13,13,26.515323
-13,13,26.518731
-13,13,26.522146
-13,13,26.525348
-13,13,26.528995
-13,13,26.532453
-13,13,26.536376
-13,13,26.539601
-14,14,26.543064
-13,13,26.546405
-13,13,26.549723
-13,13,26.553449
-13,13,26.5567
-13,13,26.559898
-13,13,26.563473
-13,13,26.566873
-13,13,26.570394
-13,13,26.574594
-13,13,26.577812
-13,13,26.581248
-13,13,26.58498
-13,13,26.588364
-14,14,26.591881
-13,13,26.594974
-13,13,26.598472
-13,13,26.602343
-14,14,26.60592
-13,13,26.609119
-13,13,26.612391
-13,13,26.615605
-13,13,26.619078
-13,13,26.622363
-13,13,26.625564
-13,13,26.629039
-13,13,26.632305
-13,13,26.636284
-13,13,26.639717
-13,13,26.642885
-13,13,26.64642
-13,13,26.650019
-13,13,26.653357
-13,13,26.656709
-13,13,26.659986
-13,13,26.663214
-13,13,26.666812
-13,13,26.670199
-13,13,26.715067
-13,13,26.718607
-13,13,26.722802
-13,13,26.726531
-13,13,26.730049
-13,13,26.733695
-13,13,26.737146
-13,13,26.740423
-13,13,26.743718
-13,13,26.747342
-13,13,26.750758
-13,13,26.754753
-13,13,26.758362
-13,13,26.761642
-13,13,26.764747
-13,13,26.76792
-113,14,26.771333
-13,13,26.774435
-13,13,26.777653
-13,13,26.780796
-13,13,26.783893
-13,13,26.787072
-13,13,26.790166
-113,14,26.793659
-13,13,26.797171
-13,13,26.800411
-13,13,26.803633
-13,13,26.806711
-13,13,26.810442
-13,13,26.813867
-13,13,26.81716
-13,13,26.820632
-13,13,26.823916
-13,13,26.827139
-13,13,26.830328
-13,13,26.833849
-13,13,26.837307
-13,13,26.840725
-13,13,26.844101
-13,13,26.847302
-13,13,26.850902
-13,13,26.85423
-13,13,26.857897
-14,14,26.861293
-13,13,26.864412
-13,13,26.868227
-13,13,26.871646
-13,13,26.875209
-13,13,26.879051
-13,13,26.882364
-13,13,26.885661
-13,13,26.889716
-13,13,26.893167
-13,13,26.896442
-13,13,26.900061
-13,13,26.903225
-13,13,26.906391
-13,13,26.91058
-13,13,26.914021
-13,13,26.917296
-13,13,26.920755
-13,13,26.924512
-13,13,26.927984
-113,14,26.93137
-13,13,26.934502
-13,13,26.937628
-13,13,26.940821
-13,13,26.944544
-13,13,26.948087
-13,13,26.95123
-13,13,26.954358
-13,13,26.957445
-13,13,26.96053
-13,13,26.963631
-13,13,26.966726
-13,13,26.969815
-13,13,26.972906
-13,13,26.976004
-13,13,27.020455
-13,13,27.026985
-13,13,27.030283
-13,13,27.033574
-13,13,27.037144
-13,13,27.041445
-13,13,27.045406
-13,13,27.048648
-13,13,27.052069
-13,13,27.055362
-13,13,27.059381
-13,13,27.062604
-13,13,27.065823
-13,13,27.069275
-15,15,27.073071
-13,13,27.07662
-13,13,27.079873
-13,13,27.083485
-13,13,27.086615
-13,13,27.089718
-13,13,27.093126
-13,13,27.096221
-13,13,27.099622
-13,13,27.103073
-13,13,27.10631
-13,13,27.110155
-13,13,27.113396
-13,13,27.116869
-13,13,27.119998
-13,13,27.123188
-13,13,27.126284
-13,13,27.129384
-13,13,27.132821
-13,13,27.135956
-13,13,27.139173
-13,13,27.142296
-13,13,27.145459
-13,13,27.148833
-13,13,27.151978
-13,13,27.155385
-13,13,27.158545
-13,13,27.161881
-13,13,27.165451
-13,13,27.169091
-13,13,27.172885
-13,13,27.176712
-13,13,27.180227
-13,13,27.18426
-13,13,27.188482
-13,13,27.19178
-13,13,27.195011
-13,13,27.198399
-13,13,27.201795
-13,13,27.205622
-13,13,27.209203
-13,13,27.212594
-13,13,27.215785
-13,13,27.219197
-13,13,27.222464
-13,13,27.225838
-13,13,27.229202
-13,13,27.232575
-13,13,27.236586
-113,14,27.240198
-13,13,27.243436
-13,13,27.246593
-13,13,27.249851
-13,13,27.253619
-13,13,27.257131
-13,13,27.260425
-13,13,27.263639
-13,13,27.26699
-13,13,27.270264
-13,13,27.273999
-13,13,27.277405
-13,13,27.280683
-13,13,27.284545
-13,13,27.287981
-13,13,27.291751
-13,13,27.335976
-13,13,27.339303
-13,13,27.343009
-13,13,27.346226
-13,13,27.349601
-13,13,27.352855
-13,13,27.356937
-13,13,27.360798
-13,13,27.364171
-13,13,27.367641
-13,13,27.370846
-13,13,27.374565
-13,13,27.377955
-13,13,27.381391
-13,13,27.38469
-13,13,27.38819
-13,13,27.391879
-13,13,27.395121
-13,13,27.398543
-13,13,27.402183
-13,13,27.405613
-13,13,27.40925
-13,13,27.412601
-13,13,27.415839
-13,13,27.419198
-13,13,27.422641
-13,13,27.426069
-13,13,27.429312
-13,13,27.432506
-13,13,27.435755
-13,13,27.439101
-13,13,27.442323
-13,13,27.445503
-13,13,27.44868
-13,13,27.452507
-13,13,27.455952
-13,13,27.459651
-13,13,27.462816
-13,13,27.466341
-13,13,27.469797
-13,13,27.473459
-13,13,27.477517
-13,13,27.480873
-13,13,27.484651
-13,13,27.488141
-13,13,27.491659
-13,13,27.494886
-13,13,27.497996
-13,13,27.502348
-13,13,27.50699
-13,13,27.510965
-13,13,27.514367
-13,13,27.517681
-13,13,27.521979
-13,13,27.525392
-13,13,27.528596
-13,13,27.531827
-13,13,27.535715
-13,13,27.539298
-13,13,27.543357
-13,13,27.546707
-13,13,27.550213
-13,13,27.553796
-13,13,27.557587
-13,13,27.560985
-13,13,27.564163
-13,13,27.567587
-13,13,27.571174
-13,13,27.574776
-13,13,27.578149
-13,13,27.58136
-13,13,27.584907
-13,13,27.588271
-13,13,27.591667
-13,13,27.594826
-13,13,27.597799
-15,15,27.601962
-13,13,27.606164
-13,13,27.647083
-13,13,27.651645
-13,13,27.655538
-13,13,27.658824
-13,13,27.662247
-13,13,27.665458
-13,13,27.669757
-13,13,27.673274
-13,13,27.676641
-13,13,27.679889
-13,13,27.683099
-13,13,27.68682
-13,13,27.690186
-13,13,27.693772
-13,13,27.697012
-13,13,27.700294
-13,13,27.704118
-13,13,27.707302
-13,13,27.710956
-13,13,27.714137
-13,13,27.717346
-13,13,27.720611
-13,13,27.72381
-13,13,27.727094
-13,13,27.730242
-13,13,27.733693
-13,13,27.737406
-13,13,27.740601
-13,13,27.744305
-13,13,27.747459
-13,13,27.751415
-13,13,27.75473
-13,13,27.758092
-13,13,27.761221
-13,13,27.764338
-113,14,27.768273
-13,13,27.771461
-13,13,27.774855
-13,13,27.778138
-13,13,27.781466
-13,13,27.784793
-13,13,27.788047
-13,13,27.79167
-13,13,27.794872
-13,13,27.798462
-13,13,27.80197
-13,13,27.805153
-13,13,27.808423
-13,13,27.811545
-13,13,27.815517
-13,13,27.819255
-13,13,27.822892
-13,13,27.826504
-13,13,27.82977
-13,13,27.832901
-13,13,27.835994
-13,13,27.839817
-13,13,27.84468
-13,13,27.848305
-13,13,27.851873
-13,13,27.855432
-13,13,27.858643
-13,13,27.862099
-13,13,27.86537
-13,13,27.868725
-13,13,27.872335
-13,13,27.875645
-13,13,27.879221
-13,13,27.882626
-13,13,27.885964
-13,13,27.889894
-13,13,27.893072
-13,13,27.896611
-13,13,27.900188
-13,13,27.903812
-13,13,27.907352
-13,13,27.910875
-13,13,27.914086
-13,13,27.917853
-13,13,27.961798
-13,13,27.965759
-13,13,27.969534
-13,13,27.973261
-13,13,27.976926
-13,13,27.980145
-13,13,27.983524
-13,13,27.987044
-13,13,27.990638
-13,13,27.994281
-13,13,27.997672
-13,13,28.000924
-13,13,28.004294
-13,13,28.007693
-13,13,28.011662
-13,13,28.014877
-13,13,28.018703
-13,13,28.021967
-13,13,28.026036
-13,13,28.029266
-13,13,28.032568
-13,13,28.03659
-13,13,28.039869
-13,13,28.043872
-13,13,28.047067
-13,13,28.050434
-13,13,28.05413
-13,13,28.05762
-13,13,28.061829
-13,13,28.065136
-13,13,28.068926
-13,13,28.072144
-13,13,28.075597
-13,13,28.078858
-13,13,28.082065
-13,13,28.085279
-13,13,28.08852
-13,13,28.092558
-13,13,28.095979
-13,13,28.099164
-13,13,28.10229
-13,13,28.106839
-13,13,28.110261
-13,13,28.113594
-13,13,28.116771
-13,13,28.120394
-13,13,28.124295
-13,13,28.128598
-13,13,28.131804
-13,13,28.134992
-13,13,28.138236
-13,13,28.141508
-13,13,28.145709
-13,13,28.149209
-13,13,28.153029
-13,13,28.156381
-13,13,28.160485
-13,13,28.16379
-13,13,28.166988
-13,13,28.170289
-13,13,28.17379
-13,13,28.177371
-13,13,28.180563
-13,13,28.184201
-13,13,28.187401
-13,13,28.190577
-13,13,28.193746
-13,13,28.196829
-13,13,28.200193
-13,13,28.203605
-13,13,28.207625
-13,13,28.210742
-13,13,28.213901
-13,13,28.217158
-13,13,28.220234
-13,13,28.22331
-13,13,28.227198
-13,13,28.230413
-13,13,28.233766
-13,13,28.278873
-13,13,28.282625
-13,13,28.285846
-13,13,28.289594
-13,13,28.293283
-15,15,28.297637
-13,13,28.300841
-15,15,28.304969
-13,13,28.308592
-13,13,28.311925
-13,13,28.3151
-13,13,28.318221
-13,13,28.321835
-13,13,28.325683
-15,15,28.329476
-13,13,28.332756
-13,13,28.33618
-13,13,28.339376
-13,13,28.342481
-13,13,28.345624
-15,15,28.349206
-15,15,28.352784
-13,13,28.356127
-13,13,28.359473
-13,13,28.362861
-15,15,28.366811
-13,13,28.370307
-15,15,28.374306
-13,13,28.377704
-13,13,28.381031
-13,13,28.384338
-13,13,28.387539
-13,13,28.390712
-13,13,28.39388
-13,13,28.397041
-13,13,28.400236
-13,13,28.403407
-13,13,28.406575
-17,17,28.410707
-13,13,28.413863
-13,13,28.417024
-13,13,28.420191
-13,13,28.423356
-13,13,28.426517
-13,13,28.429676
-13,13,28.432834
-15,15,28.436472
-13,13,28.439956
-13,13,28.443468
-13,13,28.446796
-13,13,28.450913
-13,13,28.454512
-15,15,28.459466
-13,13,28.462872
-13,13,28.466509
-13,13,28.469873
-13,13,28.473603
-13,13,28.477128
-13,13,28.480465
-13,13,28.48383
-15,15,28.4875
-13,13,28.491349
-13,13,28.494761
-13,13,28.498552
-13,13,28.501741
-13,13,28.505039
-18,18,28.509435
-13,13,28.512807
-13,13,28.516096
-13,13,28.519275
-13,13,28.523077
-13,13,28.526277
-13,13,28.529661
-13,13,28.533143
-118,19,28.538389
-13,13,28.542378
-13,13,28.589212
-13,13,28.593956
-13,13,28.59813
-15,15,28.602069
-13,13,28.605304
-13,13,28.609365
-13,13,28.612924
-13,13,28.616557
-13,13,28.619909
-13,13,28.623379
-13,13,28.627026
-13,13,28.630262
-13,13,28.633477
-15,15,28.637334
-13,13,28.641174
-13,13,28.644527
-13,13,28.647678
-13,13,28.65075
-13,13,28.654263
-13,13,28.658096
-13,13,28.661922
-13,13,28.665288
-13,13,28.668521
-13,13,28.671731
-13,13,28.675296
-13,13,28.678495
-13,13,28.681664
-15,15,28.685671
-13,13,28.689208
-13,13,28.692787
-13,13,28.695952
-13,13,28.699018
-13,13,28.701876
-13,13,28.706538
-13,13,28.709954
-13,13,28.713136
-13,13,28.71624
-13,13,28.719768
-13,13,28.72382
-13,13,28.727671
-13,13,28.730873
-13,13,28.734053
-13,13,28.737869
-13,13,28.741736
-13,13,28.744952
-13,13,28.748132
-15,15,28.751699
-13,13,28.756006
-13,13,28.759667
-13,13,28.763394
-15,15,28.767154
-13,13,28.770552
-13,13,28.774229
-13,13,28.778186
-13,13,28.781428
-13,13,28.784623
-13,13,28.788128
-13,13,28.792213
-15,15,28.795945
-13,13,28.799146
-13,13,28.802731
-13,13,28.806159
-13,13,28.81039
-15,15,28.814396
-13,13,28.817609
-13,13,28.820996
-13,13,28.825034
-15,15,28.828889
-13,13,28.832095
-13,13,28.835774
-13,13,28.839142
-15,15,28.842949
-13,13,28.84604
-13,13,28.849134
-15,15,28.853255
-13,13,28.85685
-13,13,28.860655
-15,15,28.904435
-15,15,28.909094
-13,13,28.913056
-13,13,28.916555
-13,13,28.919757
-13,13,28.923195
-15,15,28.927659
-13,13,28.931152
-13,13,28.934608
-13,13,28.937793
-13,13,28.941379
-13,13,28.944714
-14,14,28.948516
-13,13,28.951954
-13,13,28.955413
-13,13,28.95958
-13,13,28.963443
-13,13,28.966669
-13,13,28.969782
-13,13,28.973415
-13,13,28.97695
-15,15,28.980849
-13,13,28.984028
-13,13,28.987266
-13,13,28.990452
-13,13,28.993734
-13,13,28.996928
-15,15,29.00059
-13,13,29.003994
-13,13,29.007264
-13,13,29.010418
-13,13,29.014412
-13,13,29.017737
-13,13,29.021414
-13,13,29.026663
-13,13,29.030055
-15,15,29.033773
-13,13,29.037465
-13,13,29.041869
-13,13,29.045416
-13,13,29.048611
-13,13,29.052299
-13,13,29.05572
-13,13,29.060624
-13,13,29.06388
-13,13,29.067303
-13,13,29.070987
-13,13,29.074673
-13,13,29.079012
-15,15,29.083066
-13,13,29.086252
-13,13,29.089515
-13,13,29.093987
-13,13,29.097232
-13,13,29.10055
-13,13,29.103776
-13,13,29.108744
-13,13,29.112285
-13,13,29.115501
-13,13,29.118697
-13,13,29.121978
-13,13,29.12652
-13,13,29.129767
-13,13,29.132961
-13,13,29.136121
-13,13,29.139476
-13,13,29.144219
-13,13,29.147447
-13,13,29.150633
-13,13,29.153738
-13,13,29.157738
-13,13,29.161885
-13,13,29.165251
-15,15,29.168938
-13,13,29.172155
-13,13,29.177244
-13,13,29.180484
-13,13,29.183667
-13,13,29.231275
-13,13,29.235153
-13,13,29.23912
-13,13,29.244516
-13,13,29.248506
-13,13,29.252602
-13,13,29.256575
-13,13,29.260787
-13,13,29.265071
-13,13,29.269082
-13,13,29.272769
-13,13,29.276683
-13,13,29.27993
-13,13,29.283107
-13,13,29.286381
-13,13,29.289996
-13,13,29.293551
-13,13,29.29668
-13,13,29.299782
-13,13,29.303045
-13,13,29.306308
-13,13,29.309848
-13,13,29.313137
-13,13,29.316431
-13,13,29.319572
-13,13,29.322892
-13,13,29.326211
-13,13,29.329478
-13,13,29.333095
-13,13,29.336356
-13,13,29.339604
-13,13,29.34302
-13,13,29.346324
-13,13,29.349786
-13,13,29.353017
-13,13,29.356221
-13,13,29.359648
-13,13,29.362868
-13,13,29.366393
-13,13,29.369866
-13,13,29.373281
-13,13,29.376471
-13,13,29.37981
-13,13,29.383114
-13,13,29.386272
-13,13,29.390381
-13,13,29.394185
-13,13,29.397967
-13,13,29.401883
-13,13,29.406011
-13,13,29.40925
-13,13,29.412441
-13,13,29.415764
-13,13,29.41899
-13,13,29.422759
-13,13,29.426892
-13,13,29.43013
-13,13,29.43333
-13,13,29.436552
-13,13,29.439729
-13,13,29.443034
-13,13,29.446187
-13,13,29.449274
-13,13,29.452393
-13,13,29.455525
-13,13,29.458599
-13,13,29.461917
-13,13,29.46542
-13,13,29.468707
-13,13,29.471973
-13,13,29.475084
-13,13,29.478779
-13,13,29.482274
-13,13,29.48569
-13,13,29.488912
-13,13,29.492131
-13,13,29.495425
-13,13,29.498614
-13,13,29.541338
-13,13,29.546161
-13,13,29.550159
-13,13,29.553523
-13,13,29.556984
-13,13,29.560761
-15,15,29.565137
-13,13,29.568601
-13,13,29.5718
-13,13,29.575951
-13,13,29.579793
-13,13,29.583246
-13,13,29.586481
-13,13,29.590067
-13,13,29.593507
-13,13,29.596665
-15,15,29.600349
-15,15,29.604013
-13,13,29.60755
-13,13,29.610843
-13,13,29.614715
-13,13,29.617836
-13,13,29.621031
-13,13,29.625198
-13,13,29.628487
-13,13,29.631813
-13,13,29.635038
-13,13,29.638815
-13,13,29.643275
-15,15,29.647154
-13,13,29.650365
-13,13,29.653551
-13,13,29.658804
-13,13,29.662671
-13,13,29.665945
-13,13,29.669165
-13,13,29.673473
-13,13,29.67724
-13,13,29.680579
-13,13,29.683764
-15,15,29.68775
-13,13,29.692035
-13,13,29.695554
-13,13,29.698744
-13,13,29.702117
-13,13,29.705227
-13,13,29.709688
-13,13,29.712982
-13,13,29.716142
-13,13,29.719324
-13,13,29.722611
-13,13,29.727033
-13,13,29.730593
-13,13,29.73485
-13,13,29.738185
-13,13,29.742514
-13,13,29.746126
-13,13,29.749342
-13,13,29.752515
-13,13,29.756013
-13,13,29.760255
-13,13,29.763651
-13,13,29.766837
-13,13,29.770006
-13,13,29.774159
-15,15,29.778561
-13,13,29.781894
-13,13,29.785073
-15,15,29.788828
-13,13,29.793566
-13,13,29.797367
-13,13,29.800686
-13,13,29.803977
-13,13,29.808757
-13,13,29.812477
-13,13,29.815688
-15,15,29.819304
-13,13,29.822454
-13,13,29.868337
-13,13,29.871786
-13,13,29.875503
-13,13,29.878747
-13,13,29.883039
-13,13,29.886284
-13,13,29.889729
-13,13,29.893159
-13,13,29.896489
-13,13,29.899707
-13,13,29.902798
-13,13,29.906468
-13,13,29.910281
-13,13,29.913627
-13,13,29.916796
-13,13,29.919896
-13,13,29.923721
-13,13,29.927098
-13,13,29.930354
-13,13,29.933517
-13,13,29.936746
-13,13,29.940427
-13,13,29.943815
-13,13,29.94718
-13,13,29.950349
-13,13,29.953552
-13,13,29.957371
-13,13,29.960664
-13,13,29.964866
-13,13,29.969219
-13,13,29.972805
-13,13,29.97663
-13,13,29.979998
-13,13,29.983225
-13,13,29.986432
-13,13,29.990045
-13,13,29.993833
-13,13,29.997158
-13,13,30.000683
-13,13,30.003869
-13,13,30.007361
-13,13,30.010712
-13,13,30.013919
-13,13,30.017918
-13,13,30.021158
-13,13,30.025235
-13,13,30.028401
-13,13,30.032467
-13,13,30.035771
-13,13,30.039085
-13,13,30.043332
-13,13,30.046712
-13,13,30.050049
-13,13,30.053233
-15,15,30.057343
-13,13,30.060707
-13,13,30.064316
-13,13,30.067531
-13,13,30.070701
-13,13,30.074073
-13,13,30.077306
-13,13,30.080875
-13,13,30.084033
-13,13,30.087193
-13,13,30.090686
-13,13,30.093777
-13,13,30.09737
-13,13,30.100463
-15,15,30.10447
-13,13,30.107983
-13,13,30.111177
-13,13,30.114816
-13,13,30.118162
-13,13,30.121649
-13,13,30.125113
-13,13,30.12855
-13,13,30.131666
-13,13,30.134776
-13,13,30.178291
-13,13,30.183184
-13,13,30.186608
-13,13,30.189969
-13,13,30.194298
-13,13,30.197791
-13,13,30.201134
-13,13,30.204378
-13,13,30.20841
-13,13,30.212098
-13,13,30.215302
-13,13,30.218818
-13,13,30.222082
-13,13,30.227605
-13,13,30.230844
-13,13,30.234266
-13,13,30.237481
-13,13,30.242132
-13,13,30.245622
-13,13,30.248965
-13,13,30.252167
-13,13,30.255537
-13,13,30.259717
-13,13,30.263008
-13,13,30.266256
-13,13,30.269445
-13,13,30.272756
-13,13,30.276521
-13,13,30.279713
-13,13,30.282877
-13,13,30.286408
-13,13,30.291517
-13,13,30.295301
-13,13,30.298468
-13,13,30.30157
-13,13,30.304706
-13,13,30.309897
-13,13,30.313237
-13,13,30.316441
-13,13,30.319561
-13,13,30.32311
-13,13,30.327639
-13,13,30.330877
-13,13,30.334027
-13,13,30.337172
-13,13,30.342201
-13,13,30.346076
-13,13,30.349317
-13,13,30.352493
-13,13,30.355895
-13,13,30.360255
-13,13,30.363758
-13,13,30.367084
-13,13,30.37034
-13,13,30.374742
-13,13,30.379234
-13,13,30.382434
-13,13,30.385784
-13,13,30.389078
-13,13,30.392876
-13,13,30.396298
-13,13,30.399487
-13,13,30.403144
-13,13,30.406836
-13,13,30.410526
-13,13,30.413748
-13,13,30.416968
-13,13,30.421013
-13,13,30.424637
-13,13,30.428014
-13,13,30.431187
-13,13,30.434541
-13,13,30.437748
-13,13,30.440968
-13,13,30.444321
-13,13,30.447457
-13,13,30.451356
-13,13,30.455196
-13,13,30.459018
-13,13,30.50141
-13,13,30.505694
-13,13,30.509258
-13,13,30.512898
-13,13,30.516192
-13,13,30.51938
-13,13,30.522865
-13,13,30.526944
-13,13,30.530298
-13,13,30.533491
-13,13,30.536657
-13,13,30.540191
-13,13,30.544013
-13,13,30.547264
-13,13,30.550452
-13,13,30.553571
-13,13,30.556965
-13,13,30.560105
-15,15,30.564161
-13,13,30.567512
-13,13,30.571439
-15,15,30.575215
-13,13,30.578597
-13,13,30.581777
-13,13,30.584947
-13,13,30.588448
-13,13,30.591571
-117,18,30.596546
-13,13,30.599739
-13,13,30.60302
-13,13,30.606189
-15,15,30.610062
-13,13,30.613458
-13,13,30.616644
-15,15,30.620386
-13,13,30.623577
-13,13,30.62752
-13,13,30.630743
-13,13,30.634043
-13,13,30.637219
-13,13,30.640374
-15,15,30.644041
-13,13,30.647488
-13,13,30.651325
-13,13,30.654689
-13,13,30.658493
-13,13,30.661832
-13,13,30.665023
-13,13,30.669356
-13,13,30.672692
-13,13,30.676138
-13,13,30.679659
-13,13,30.683009
-13,13,30.686197
-13,13,30.689672
-13,13,30.693883
-13,13,30.697166
-13,13,30.700494
-13,13,30.703767
-15,15,30.70841
-13,13,30.711751
-13,13,30.715229
-13,13,30.718386
-13,13,30.721477
-13,13,30.724916
-13,13,30.728052
-13,13,30.731501
-13,13,30.735015
-13,13,30.738204
-13,13,30.742084
-13,13,30.745309
-13,13,30.749008
-13,13,30.752167
-13,13,30.75573
-13,13,30.759161
-13,13,30.762935
-15,15,30.76679
-13,13,30.810838
-15,15,30.817239
-13,13,30.820725
-13,13,30.824184
-13,13,30.828499
-13,13,30.831843
-13,13,30.835168
-13,13,30.838461
-15,15,30.843085
-13,13,30.846537
-13,13,30.84974
-13,13,30.85345
-13,13,30.857743
-13,13,30.861577
-13,13,30.864761
-13,13,30.868115
-13,13,30.871362
-13,13,30.87624
-13,13,30.879666
-13,13,30.882837
-13,13,30.886252
-13,13,30.889997
-13,13,30.894656
-13,13,30.897844
-13,13,30.901424
-13,13,30.904687
-13,13,30.909666
-13,13,30.913037
-13,13,30.916326
-13,13,30.919665
-13,13,30.923378
-13,13,30.927059
-13,13,30.930281
-13,13,30.933721
-13,13,30.937062
-13,13,30.941187
-13,13,30.944677
-13,13,30.947915
-13,13,30.951597
-13,13,30.954876
-13,13,30.959789
-13,13,30.963048
-15,15,30.96672
-13,13,30.970365
-13,13,30.974524
-13,13,30.978748
-13,13,30.981991
-13,13,30.985348
-13,13,30.9888
-13,13,30.993376
-13,13,30.997047
-13,13,31.000406
-13,13,31.003755
-13,13,31.007358
-13,13,31.01073
-13,13,31.013955
-13,13,31.017262
-13,13,31.020524
-13,13,31.024553
-13,13,31.027871
-13,13,31.031046
-13,13,31.034888
-13,13,31.038056
-13,13,31.042024
-13,13,31.045245
-13,13,31.048368
-13,13,31.05192
-13,13,31.055162
-13,13,31.058768
-13,13,31.062012
-13,13,31.065326
-13,13,31.068941
-13,13,31.073394
-13,13,31.077275
-15,15,31.080974
-13,13,31.084532
-13,13,31.087726
-13,13,31.091658
-13,13,31.095663
-13,13,31.139417
-13,13,31.143237
-13,13,31.147008
-13,13,31.150416
-13,13,31.153621
-13,13,31.157253
-13,13,31.160793
-13,13,31.165021
-13,13,31.168273
-13,13,31.171361
-13,13,31.175721
-13,13,31.178864
-15,15,31.182931
-13,13,31.186281
-13,13,31.190254
-13,13,31.193646
-13,13,31.197033
-13,13,31.200261
-13,13,31.203438
-13,13,31.206764
-13,13,31.209908
-13,13,31.213335
-13,13,31.216704
-13,13,31.219932
-13,13,31.223441
-13,13,31.226613
-13,13,31.229994
-13,13,31.23341
-13,13,31.237055
-13,13,31.240747
-13,13,31.243946
-13,13,31.247409
-13,13,31.251052
-13,13,31.254553
-13,13,31.257682
-13,13,31.261032
-13,13,31.264256
-13,13,31.267471
-13,13,31.27157
-13,13,31.275428
-13,13,31.278911
-13,13,31.282133
-13,13,31.285639
-13,13,31.289061
-13,13,31.294666
-13,13,31.297873
-13,13,31.301278
-13,13,31.30509
-13,13,31.312321
-13,13,31.315857
-13,13,31.319395
-13,13,31.322786
-13,13,31.326678
-13,13,31.330304
-13,13,31.333737
-13,13,31.33696
-13,13,31.340926
-13,13,31.344908
-13,13,31.34814
-13,13,31.352042
-13,13,31.355352
-13,13,31.359828
-13,13,31.363064
-13,13,31.366412
-13,13,31.369728
-13,13,31.373945
-13,13,31.377606
-13,13,31.380957
-13,13,31.384279
-13,13,31.387533
-13,13,31.392623
-13,13,31.395912
-13,13,31.399093
-13,13,31.402189
-13,13,31.405506
-13,13,31.410557
-13,13,31.413802
-13,13,31.416908
-13,13,31.463622
-13,13,31.468399
-13,13,31.471646
-13,13,31.475436
-13,13,31.478876
-13,13,31.482421
-13,13,31.48574
-13,13,31.489129
-13,13,31.493012
-13,13,31.496325
-15,15,31.500172
-13,13,31.503503
-13,13,31.507126
-13,13,31.510987
-13,13,31.514316
-13,13,31.517506
-13,13,31.520883
-13,13,31.524591
-13,13,31.528178
-13,13,31.531442
-13,13,31.534656
-15,15,31.538358
-13,13,31.541686
-15,15,31.545412
-13,13,31.54859
-13,13,31.551895
-13,13,31.555084
-13,13,31.558927
-13,13,31.562155
-13,13,31.565353
-13,13,31.569095
-13,13,31.572511
-13,13,31.575736
-13,13,31.578849
-13,13,31.581941
-13,13,31.586239
-13,13,31.589443
-13,13,31.59308
-13,13,31.596221
-13,13,31.599558
-13,13,31.602711
-13,13,31.605824
-13,13,31.609422
-13,13,31.612881
-13,13,31.616074
-13,13,31.619255
-13,13,31.622604
-13,13,31.625817
-13,13,31.629308
-15,15,31.634058
-13,13,31.637394
-13,13,31.641722
-15,15,31.645792
-13,13,31.649398
-13,13,31.652765
-13,13,31.656476
-13,13,31.660297
-13,13,31.66375
-13,13,31.666967
-13,13,31.670196
-13,13,31.673592
-13,13,31.67666
-13,13,31.680187
-13,13,31.683369
-13,13,31.686744
-13,13,31.690429
-13,13,31.693625
-13,13,31.696895
-13,13,31.700131
-13,13,31.703668
-13,13,31.706813
-13,13,31.710149
-13,13,31.713446
-15,15,31.717151
-13,13,31.720656
-13,13,31.72374
-15,15,31.727585
-13,13,31.731123
-13,13,31.777094
-13,13,31.781232
-13,13,31.784667
-13,13,31.787881
-13,13,31.791427
-13,13,31.794784
-15,15,31.799105
-13,13,31.802721
-13,13,31.805975
-13,13,31.81003
-13,13,31.813556
-13,13,31.817342
-13,13,31.820539
-13,13,31.824239
-13,13,31.827718
-13,13,31.831517
-13,13,31.83476
-13,13,31.837943
-13,13,31.842122
-13,13,31.845554
-13,13,31.848963
-13,13,31.85218
-13,13,31.855766
-13,13,31.859741
-13,13,31.863257
-13,13,31.866617
-13,13,31.869816
-13,13,31.873794
-13,13,31.877239
-13,13,31.8811
-13,13,31.884261
-13,13,31.887647
-13,13,31.891471
-13,13,31.894918
-13,13,31.898411
-13,13,31.901609
-13,13,31.90548
-13,13,31.9091
-13,13,31.912827
-13,13,31.916184
-13,13,31.919972
-13,13,31.923372
-13,13,31.926817
-13,13,31.931077
-13,13,31.934306
-13,13,31.93799
-13,13,31.941649
-13,13,31.945471
-13,13,31.949101
-13,13,31.953434
-13,13,31.956931
-13,13,31.960706
-13,13,31.964356
-13,13,31.968118
-13,13,31.97204
-13,13,31.975837
-13,13,31.979621
-13,13,31.983119
-13,13,31.987134
-15,15,31.990797
-13,13,31.994554
-13,13,31.997978
-13,13,32.001265
-13,13,32.00446
-13,13,32.00767
-13,13,32.01168
-13,13,32.015259
-13,13,32.018887
-13,13,32.021999
-13,13,32.025509
-13,13,32.028648
-13,13,32.031986
-13,13,32.035141
-13,13,32.038238
-13,13,32.041652
-13,13,32.045142
-13,13,32.048384
-13,13,32.051465
