# {"t_start": 1587283001.179945, "env_id": "Hopper-v2"} 
r,l,t
13.723454,22,1.613373
12.771704,36,1.699006
11.136424,14,1.732166
13.976323,20,1.778829
7.243761,12,1.808374
9.899129,18,1.853164
8.929775,29,1.917153
7.79858,12,1.946389
28.819998,34,2.023462
13.719828,22,2.073693
9.331834,22,2.122524
14.526118,21,2.168257
38.912889,31,2.234197
24.915965,24,2.286757
10.718823,14,2.317473
21.917697,26,2.373549
8.489042,11,2.397681
12.945013,15,2.430784
9.806576,13,2.45917
11.967718,20,2.502925
2.986341,13,2.535051
8.117907,11,2.560677
7.381642,12,2.589828
7.369212,13,2.618657
5.463162,9,2.639001
7.134065,9,2.659737
13.137611,20,2.704202
21.094428,22,2.752466
8.046464,12,2.778983
23.267551,35,2.855122
14.190321,15,2.887487
19.791712,19,2.928666
22.658422,25,2.982124
22.53204,27,3.041235
3.724642,24,3.092707
6.928625,10,3.11471
7.623005,10,3.13689
4.931955,32,3.20566
10.72741,13,3.235432
9.834033,14,3.270318
23.701529,28,3.331044
9.96145,17,3.370335
13.972418,16,3.405118
7.174516,14,3.436502
8.069516,12,3.463337
52.356286,39,3.547874
7.288054,12,3.574292
15.039612,25,3.628295
19.2525,18,3.668037
17.086847,18,3.707375
15.4228,19,3.749066
11.355784,16,3.783996
6.670076,9,3.804178
36.550713,36,4.240496
13.20647,16,4.276227
29.446933,24,4.327747
39.06533,45,4.427988
8.689963,12,4.45499
6.519728,10,4.47733
8.429716,13,4.505719
16.288135,21,4.551449
5.121275,23,4.600695
12.912303,15,4.632712
14.440332,19,4.67451
9.475727,12,4.700952
10.503426,12,4.728604
47.339398,41,4.817081
11.754772,23,4.871156
32.570588,30,4.93652
7.024328,10,4.958375
25.691239,20,5.002608
7.750483,11,5.027037
15.960071,20,5.070838
4.949858,7,5.086849
20.33374,26,5.143176
8.579529,19,5.184775
15.423613,19,5.22651
14.174198,15,5.260222
73.844852,53,5.375246
18.33993,29,5.439262
145.581338,95,5.642484
67.919864,53,5.757645
8.185498,14,5.78805
7.081475,12,5.814548
18.998979,19,5.855745
12.04856,14,5.886182
27.43677,31,5.952104
4.343585,13,5.979704
23.068556,29,6.042033
8.443951,14,6.072333
28.922593,31,6.137922
106.095917,60,6.262334
5.427088,8,6.280087
9.598966,11,6.305056
13.95622,15,6.337175
6.856159,10,6.358631
30.169536,28,6.416011
110.65549,89,6.740986
16.919516,17,6.776922
14.802219,35,6.851039
55.739636,34,6.922626
135.381429,102,7.13656
10.618954,18,7.174576
12.878607,24,7.226573
8.562261,11,7.250679
12.508869,15,7.283106
101.786162,55,7.399189
6.986398,10,7.42095
19.474917,20,7.463346
77.198253,47,7.562279
14.225224,14,7.593516
10.551089,18,7.63203
7.241317,14,7.661417
25.176177,41,7.752878
10.298842,17,7.789056
52.634925,41,7.87897
10.881468,19,7.91978
94.295079,54,8.034209
9.813255,18,8.073414
41.230078,34,8.145224
11.823284,21,8.19023
26.513062,26,8.246364
17.907441,34,8.31715
10.414125,14,8.346566
9.659677,14,8.375702
8.119255,17,8.413033
17.488554,19,8.454733
31.204977,26,8.511159
99.05152,54,8.626191
31.232975,26,8.681381
8.525249,12,8.70719
53.314681,32,8.908935
83.39826,48,9.01098
58.038882,39,9.091228
8.065458,12,9.117223
27.885,24,9.170761
19.691453,22,9.218234
86.636048,65,9.357796
58.658936,70,9.506287
96.357225,81,9.677192
182.10089,87,9.859741
26.903605,27,9.918074
12.986039,21,9.963519
32.219742,30,10.029307
6.686032,9,10.049625
8.711482,13,10.077975
8.930106,18,10.118229
17.701638,18,10.159015
6.587003,12,10.186757
169.333717,94,10.39337
21.974277,19,10.435997
17.977661,19,10.477695
46.23735,39,10.562151
98.493141,56,10.680733
8.601233,10,10.702818
31.73925,28,10.763317
23.947597,28,10.824587
12.158171,17,10.863441
20.203366,17,10.900312
96.200452,68,11.046071
150.708925,84,11.363226
11.756699,26,11.418898
130.826967,66,11.557702
120.107681,65,11.697812
13.010938,15,11.730102
58.93814,39,11.813881
62.228824,39,11.896928
29.115461,31,11.960774
111.345594,58,12.08037
24.721677,23,12.128975
82.508569,48,12.228926
71.006458,44,12.323895
22.853899,22,12.370386
115.974926,65,12.508255
84.868237,61,12.639417
57.386841,42,12.729397
131.070048,73,12.883463
48.659038,29,12.945127
31.251156,29,13.00733
24.539827,29,13.072032
13.879673,16,13.106641
62.041545,43,13.199065
9.180339,19,13.240777
66.433154,52,13.35054
7.336349,9,13.370272
23.031036,21,13.550164
60.494313,36,13.628248
124.641922,69,13.772545
130.078207,91,13.964557
137.142193,87,14.157405
42.804402,33,14.230728
211.457887,119,14.496973
62.325725,38,14.596183
52.151162,32,14.675611
52.686888,32,14.75088
16.182746,21,14.800403
28.615305,47,14.906767
87.686474,53,15.022745
63.013443,38,15.109317
113.781341,66,15.251677
99.329632,57,15.377194
8.002653,12,15.404719
59.477655,36,15.482617
24.67015,22,15.531771
154.404269,93,15.728481
122.422488,63,15.996244
160.528728,90,16.190989
101.043666,58,16.313542
13.170941,15,16.346671
26.707076,29,16.410416
127.943443,75,16.571668
162.888229,76,16.732958
71.059473,53,16.857545
147.897298,77,17.029421
78.828876,52,17.143113
211.967774,103,17.381104
188.855206,88,17.578883
77.681836,45,17.678208
99.322982,54,17.797042
100.346745,56,17.954578
201.409039,94,18.199567
12.020111,18,18.242665
71.608009,46,18.483799
132.994362,72,18.637395
103.068046,57,18.760912
146.798796,72,18.929329
129.707764,68,19.096726
106.021578,60,19.233204
131.78064,66,19.387201
65.18285,39,19.474068
134.149389,72,19.629836
118.656867,66,19.780788
154.403762,96,20.001306
51.792623,32,20.071845
160.654307,82,20.251953
211.768512,94,20.461578
146.072097,72,20.623159
66.344873,44,20.716929
172.966724,99,21.091286
197.544108,93,21.295273
50.9558,31,21.362782
52.320545,34,21.440465
217.817679,98,21.65865
130.694167,66,21.800899
223.605402,100,22.017942
116.45082,62,22.155172
123.932144,85,22.346624
66.030184,40,22.435957
158.349347,76,22.60529
199.740764,93,22.810367
176.91151,86,23.000458
122.166757,65,23.290376
179.179953,82,23.465307
99.752874,59,23.588849
192.953474,106,23.81904
175.249747,90,24.022179
198.572128,89,24.211529
97.789179,54,24.323082
125.922798,72,24.476711
228.771328,138,24.771562
249.102031,122,25.044922
68.167009,41,25.136355
186.812122,90,25.337798
151.306614,76,25.513678
203.835086,102,25.881248
213.311491,93,26.081145
117.681426,61,26.219839
215.127439,97,26.43546
119.07844,62,26.573165
186.857817,85,26.755734
214.825701,92,26.959695
192.67416,102,27.182246
295.004686,145,27.502549
195.975269,90,27.704471
216.631224,105,28.083642
187.896579,87,28.275052
202.236986,95,28.48766
223.471736,109,28.727535
203.707138,96,28.93558
194.131367,89,29.126025
225.587245,101,29.341004
206.33558,99,29.549726
191.084463,90,29.741433
225.904602,112,29.99198
164.427567,85,30.186787
201.932028,88,30.532587
202.045867,97,30.74238
232.303613,110,30.992396
134.578001,68,31.138561
225.876544,99,31.376993
206.367973,92,31.594437
225.173729,121,31.862924
197.326371,98,32.066814
244.098093,124,32.329696
233.397877,104,32.542472
215.461739,97,32.894835
243.067181,125,33.170282
237.997962,113,33.435253
175.855132,84,33.616647
260.770704,124,33.895246
197.0421,92,34.099386
190.67744,96,34.304587
234.055478,106,34.517048
233.250831,112,34.741601
241.973993,137,35.006509
220.716374,102,35.353974
218.355999,100,35.582705
221.915222,98,35.804633
248.719626,107,36.053074
54.748065,33,36.133431
226.935705,107,36.368272
13.024441,15,36.401767
200.802177,90,36.594728
220.057795,112,36.831995
205.018291,97,37.037659
206.073114,91,37.224619
234.912934,103,37.579794
247.472182,121,37.832783
253.90654,122,38.093431
246.96487,124,38.369782
211.459445,104,38.595326
214.393304,108,38.840869
220.265624,100,39.057143
243.203488,119,39.334898
221.163082,99,39.55356
234.517622,105,39.79071
229.663478,103,40.16313
261.441502,111,40.426806
236.031553,110,40.678312
206.294271,94,40.904504
244.806089,120,41.196503
230.523336,103,41.460114
234.892746,114,41.750877
239.312966,113,42.034834
203.532493,92,42.265094
285.004975,121,42.718127
227.922434,108,42.988797
279.3261,133,43.316868
239.336166,115,43.60201
232.933954,105,43.849987
203.261894,93,44.073168
223.282264,98,44.317833
243.969523,114,44.586715
217.716237,96,44.836716
314.668535,143,45.321677
261.020485,126,45.618347
318.683126,127,45.909274
293.67857,122,46.188671
297.936545,122,46.459301
241.535507,131,46.744887
204.732795,90,46.941016
312.935634,126,47.220952
297.713926,118,47.469625
199.087599,92,47.809339
224.763056,101,48.023466
240.955878,116,48.281962
226.247724,103,48.497282
226.36154,100,48.710713
226.809176,100,48.925103
281.459859,119,49.171476
230.655766,110,49.414353
345.650842,148,49.730223
258.445196,117,50.124208
345.548857,134,50.408959
379.339546,155,50.75203
311.316755,138,51.059486
302.193123,129,51.331563
330.161746,128,51.613017
346.983336,138,51.916371
233.688992,110,52.163054
305.219519,133,52.601246
317.632887,153,52.94272
291.84984,136,53.246744
298.617717,141,53.560585
309.401996,120,53.817342
309.026992,130,54.099466
303.874274,128,54.381712
291.811677,124,54.668766
331.82921,135,55.107528
339.291171,143,55.407721
315.288498,138,55.70421
309.027616,121,55.960629
240.216585,131,56.236197
213.794551,96,56.436729
265.796164,138,56.740412
339.479289,159,57.218294
353.122708,149,57.546716
203.012312,110,57.7846
337.852547,137,58.100887
349.626538,157,58.452241
366.3517,161,58.794332
384.128414,147,59.115957
337.499499,131,59.5704
323.761848,140,59.91086
350.872101,151,60.257844
418.933073,193,60.698331
337.237391,144,61.026611
316.710614,126,61.322305
305.989191,132,61.634018
264.341425,113,61.914181
311.609174,127,62.382409
340.710955,154,62.766068
348.587188,176,63.193113
332.963147,134,63.505125
355.818547,155,63.879399
390.641226,155,64.238257
385.432631,172,64.772104
317.167979,135,65.065782
332.466614,151,65.38666
351.136707,157,65.721748
341.404342,138,66.007446
309.929732,121,66.258428
315.67687,131,66.52813
269.981975,131,66.795163
343.817396,150,67.233606
338.946655,142,67.524834
345.757729,147,67.825743
356.526182,158,68.150317
335.320721,138,68.434291
353.002066,147,68.73512
354.307564,158,69.053818
368.578848,147,69.48506
250.379875,117,69.726956
343.135029,134,69.99925
353.907301,138,70.284926
389.068281,143,70.595422
352.077543,141,70.889604
312.391687,123,71.138849
343.495259,137,71.556327
335.373175,144,71.860409
334.494329,151,72.174023
383.567896,156,72.499255
546.982385,219,72.952972
334.981018,159,73.285202
366.036882,142,73.582979
385.556496,154,74.031375
371.313923,144,74.325182
324.843103,136,74.600879
390.099017,154,74.917143
355.810786,162,75.246056
372.183113,160,75.572986
335.598774,135,75.991214
397.5934,162,76.327476
405.21095,162,76.665276
374.663588,155,76.997576
362.461392,156,77.342116
386.275135,150,77.681876
347.036691,142,77.989636
392.259021,149,78.453776
395.21293,154,78.785512
349.959014,141,79.089727
553.103556,236,79.600291
353.824931,141,79.901724
370.888706,152,80.231651
352.514462,138,80.530726
345.836207,133,80.959784
410.656552,171,81.321074
386.177667,148,81.610552
341.643173,151,81.886343
342.299444,128,82.109179
359.439478,140,82.364735
331.860061,131,82.641657
414.502356,177,83.133094
541.368779,211,83.557948
376.559257,144,83.853712
392.45316,148,84.163691
356.070586,146,84.479102
387.475436,150,84.799002
589.085,206,85.385017
427.710481,159,85.729111
366.733447,160,86.068966
445.481259,178,86.453945
354.0449,142,86.762115
410.034354,154,87.102182
361.227423,155,87.581306
375.807824,147,87.89863
361.743468,131,88.179874
421.385211,155,88.510084
412.580046,159,88.869634
337.881858,138,89.170102
358.658636,154,89.504449
353.243603,135,89.924992
229.33944,105,90.145717
371.668702,141,90.461008
549.274898,199,90.905182
375.787139,141,91.222852
325.615299,140,91.550996
354.969519,157,91.912339
620.138136,236,92.610154
612.305178,206,93.095012
528.65803,191,93.542553
655.61731,225,94.067642
427.799963,156,94.432247
620.042218,220,95.091003
539.08846,189,95.500877
418.776751,153,95.840323
376.9633,154,96.169587
407.427091,158,96.504274
612.461589,211,96.933203
594.455948,206,97.491417
631.747022,227,97.958356
597.003602,211,98.38907
385.231087,144,98.683081
615.903106,208,99.108772
442.065815,161,99.572114
545.756568,208,99.998084
572.463369,213,100.433849
635.572682,233,100.911716
490.773589,177,101.269815
626.812447,218,101.853021
676.925911,247,102.371648
623.27082,214,102.82426
613.901396,220,103.283403
653.729481,222,103.890574
603.682923,246,104.392725
587.081991,210,104.821264
719.326405,260,105.357578
255.594739,139,105.642813
634.994843,217,106.231319
531.363823,184,106.618898
570.830283,228,107.096674
776.763902,252,107.62779
607.568793,227,108.10202
899.943373,315,108.920293
771.059483,296,109.560352
606.916715,216,110.021796
776.05657,295,110.792274
655.621778,221,111.343338
798.759905,329,112.122439
821.071419,287,112.741141
686.077192,228,113.363532
782.889041,263,113.922995
923.672208,311,114.562948
607.722593,220,115.021567
597.100205,191,115.555555
625.624414,233,116.040684
744.644411,266,116.598835
896.855021,316,117.2638
916.676522,318,118.104355
794.202472,285,118.729128
790.967299,275,119.325117
641.142742,224,119.812557
724.371327,250,120.505673
642.742963,228,121.008403
621.626484,241,121.535381
698.345543,223,122.016133
992.045014,341,122.861826
806.521811,282,123.448541
703.426277,252,123.998608
960.09023,343,124.725622
699.802641,246,125.381761
1103.174757,389,126.208543
1027.793698,353,126.860756
744.352746,259,127.546281
770.0327,298,128.170845
737.235714,249,128.68786
818.430825,285,129.411639
791.319534,315,130.073073
286.118401,140,130.365676
767.960185,245,130.880644
407.973787,174,131.258048
736.086978,252,131.961271
1014.547085,355,132.749802
1132.644027,390,133.642535
877.561747,283,134.430712
848.994401,280,135.075557
578.844943,218,135.571748
641.111905,209,136.023181
710.024889,259,136.707827
750.291939,248,137.208019
839.020494,298,137.816018
544.841424,198,138.221437
793.035545,251,138.918541
820.845684,268,139.4663
783.99361,250,139.979114
836.23141,261,140.569082
1116.02531,344,141.470013
753.794023,230,141.985033
739.298166,258,142.571604
868.21649,282,143.259907
1045.812853,334,144.188162
504.295353,169,144.566487
1152.858715,383,145.418974
817.034524,264,146.137309
879.645437,292,146.897733
1091.399914,372,147.874201
906.090542,288,148.584268
670.866997,241,149.326692
1339.603213,443,150.530477
983.324642,318,151.330658
880.553029,263,152.084057
1029.704917,360,152.868799
1257.665348,423,153.811117
1005.356729,335,154.657405
1169.542754,376,155.443955
648.168032,207,155.883309
1257.606422,421,156.897271
677.435779,217,157.375073
876.071787,282,157.991193
788.452076,250,158.540019
849.430134,257,159.240568
867.63895,275,159.851424
749.488359,231,160.375491
954.817919,305,161.170031
692.575405,221,161.62981
898.287518,285,162.22627
881.406319,286,162.829001
1254.535507,408,163.858582
734.328866,230,164.369987
1141.986146,342,165.144271
1169.861477,360,166.144467
784.586068,258,166.761031
1205.842079,383,167.652256
1124.542635,345,168.646499
784.482788,243,169.251307
706.200663,226,169.816029
821.612072,248,170.42371
895.101731,265,171.235055
1091.796373,343,172.049044
650.41781,220,172.568972
911.530374,295,173.291375
766.970017,233,174.015403
1009.425206,321,174.795154
1117.593105,363,175.64102
755.313604,238,176.228799
826.995554,291,177.106003
685.283465,237,177.693307
1457.940698,460,178.769811
1188.88981,385,179.815318
946.835895,313,180.582178
884.621459,286,181.293156
1413.04544,447,182.56699
799.708155,281,183.279947
701.173444,227,183.855188
1733.115343,547,185.421287
1406.112857,436,186.494392
994.736967,319,187.392545
629.131266,211,187.880657
1239.09978,379,188.76094
1705.073623,522,190.184547
870.116838,279,190.856604
1186.221923,367,191.75986
1078.16458,329,192.745456
431.808552,154,193.142862
911.452839,300,193.88469
1112.000179,335,194.691087
2452.909012,741,196.650117
938.654989,289,197.317313
2307.42692,738,199.211003
1719.694854,551,200.678149
1254.126465,400,201.722832
1114.657971,336,202.555255
834.771275,265,203.366704
1336.44521,397,204.332835
1142.378254,365,205.247795
1810.231714,552,206.732143
1093.899086,338,207.536628
1239.938839,375,208.603027
1092.062296,331,209.409321
1559.079803,496,210.723986
944.104082,301,211.98255
1144.577863,365,212.955884
464.253246,157,213.352817
1200.277059,390,214.507498
1243.781248,362,215.365357
1227.937443,398,216.287585
1208.711374,357,217.266865
954.60146,299,217.960522
1471.671227,452,219.106044
1210.7812,350,220.168557
1741.083505,503,221.419801
1408.884752,424,222.717139
968.218849,292,223.461956
967.886165,292,224.173183
946.090691,280,225.013284
1060.099672,318,225.797536
1177.20201,354,226.578948
797.572618,250,227.169655
1189.721297,349,228.370931
683.017139,236,228.950557
1501.633755,444,230.137618
1283.474399,404,231.466072
550.335007,171,231.963328
1188.129413,360,233.056512
873.023471,268,233.913887
1391.820268,414,235.096505
935.74295,284,235.829928
1334.101926,418,237.092629
1444.847872,426,238.151398
851.142755,253,238.738332
838.795788,258,239.561135
916.85725,282,240.278222
894.168167,268,240.941782
1137.053597,353,242.010647
1123.33358,334,242.80535
1184.854089,347,243.63771
1567.486533,470,244.914282
642.831702,216,245.447993
1549.523978,472,246.605682
1300.231395,417,247.791373
392.910651,152,248.159286
1705.415734,508,249.367143
1204.386133,370,250.500686
922.619018,282,251.198785
968.780131,288,251.914073
1130.70968,358,252.917827
1081.56687,323,253.676947
1181.858079,357,254.567753
1419.562829,474,255.871269
925.733453,292,256.552386
2046.272091,616,258.287051
1049.797603,305,259.02022
1763.714027,535,260.387698
913.632694,281,261.251613
1202.472119,358,262.149505
1186.918045,372,263.140599
805.856786,247,263.890068
1909.787346,597,265.438238
1201.082758,366,266.528381
1042.178225,313,267.366376
1455.982711,432,268.473954
1136.55994,358,269.519708
937.308004,286,270.221573
1180.558722,386,271.161749
2162.903706,629,272.852556
1263.51018,378,273.780241
1361.987613,416,274.969377
1143.175693,341,275.802869
1188.300384,359,276.686552
993.703206,302,277.580996
958.578228,284,278.266642
2019.31042,613,279.927827
1748.808481,511,281.173468
1243.936266,365,281.981454
1786.44402,547,283.420992
920.129093,280,284.075706
1187.59141,366,285.10932
1468.100775,447,286.199846
1274.923337,377,287.120294
1537.223275,461,288.401264
481.355113,171,288.843708
1551.654834,444,290.082076
1162.353138,342,290.92369
1235.691741,364,291.80644
1535.603305,464,293.099123
1637.064177,484,294.301817
990.968148,286,294.998905
1792.293756,554,296.516774
700.681219,217,297.04361
838.679627,251,297.666223
1827.224481,549,299.168884
1232.227193,376,300.103199
1354.106725,385,301.172686
2344.569881,694,302.831764
662.989023,208,303.478962
2232.416574,660,305.073494
936.34547,278,305.732529
1451.694234,435,306.926755
1471.315611,434,307.981906
962.854446,293,308.830927
2521.19603,744,310.555874
1512.874794,462,311.823
1271.032999,383,312.748134
998.53559,299,313.490356
1343.147474,397,314.675092
1228.859387,373,315.636559
1541.294864,468,316.962913
970.862109,281,317.654845
1231.299277,372,318.564795
1551.950669,460,319.844074
1728.462489,523,321.081432
1550.877864,459,322.353353
1248.401836,367,323.247609
1531.883707,462,324.508833
1544.747084,460,325.634578
1784.32422,531,326.926804
1448.670463,413,328.084677
841.156641,272,328.748905
443.26228,163,329.145829
1326.143281,405,330.286086
1233.211589,356,331.166024
2743.019034,817,333.166917
1041.290879,325,333.929438
1252.985195,367,334.943551
1895.320411,576,336.323282
1732.499946,527,337.764592
2067.310593,605,339.242638
1627.030049,500,340.725865
2549.840904,746,342.624903
933.31031,288,343.504123
1077.031013,319,344.346681
1196.878379,357,345.219253
888.716431,257,345.99878
3198.13293,1000,348.621234
1289.828937,397,349.591272
1212.493457,349,350.446245
1563.299501,475,351.74465
1093.357568,331,352.533485
730.362899,219,353.077176
1055.027392,304,353.981452
863.937237,270,354.643423
399.776339,157,355.022129
1641.086773,493,356.351911
1084.683009,330,357.14137
984.878222,294,357.83442
1494.20011,442,359.017812
1099.073903,333,359.779923
922.063255,288,360.450215
1092.774962,327,361.220091
2818.762986,840,363.401739
1097.747844,324,364.321346
1803.688459,537,365.59658
1994.138523,578,367.056445
731.267781,230,367.582369
1105.067758,327,368.32808
1426.271888,414,369.440716
876.697194,263,370.069047
1512.205176,429,371.096008
1584.760541,481,372.468787
749.785129,226,373.024569
1294.834133,413,374.037994
3009.134301,929,376.558761
1373.737554,413,377.778399
2018.484916,615,379.266952
1399.901351,428,380.471554
1215.178166,369,381.405922
1196.19448,349,382.262247
1121.126445,344,383.270854
1506.550342,440,384.331567
1470.518642,447,385.497363
2100.568352,642,386.985381
1683.872345,497,388.324982
368.655719,145,388.678129
1712.930655,500,389.898283
1458.03187,422,391.11776
1236.665112,380,392.021129
1264.107507,367,393.07551
1413.165191,426,394.1247
1215.752066,353,394.986505
1390.119499,409,396.155226
1968.857843,594,397.61476
1277.052831,374,398.707336
1992.547658,580,400.144472
1476.777663,432,401.377178
1094.415253,321,402.193116
997.444175,311,402.951504
2380.441162,699,404.794958
1323.845348,394,405.773974
1264.080305,381,406.866567
926.615063,275,407.53727
2512.193611,724,409.47462
1384.913129,406,410.48678
830.112382,242,411.095535
918.290639,263,411.906196
1362.589436,405,412.904294
3291.860955,1000,415.6321
1231.71755,364,416.533415
1313.248982,376,417.673215
1335.79122,396,418.734708
1445.886634,428,419.815861
1775.502997,516,421.224894
1306.288499,379,422.185039
1981.66222,577,423.911061
2325.522222,686,425.819945
1391.542911,408,426.832332
1381.926592,406,427.8195
2821.655006,831,429.950501
952.38051,276,430.652451
1498.180928,442,431.965302
1702.637293,504,433.274392
1751.286162,526,434.74231
1133.211038,327,435.561072
1278.930146,374,436.665376
1505.085772,446,437.716077
1510.743262,439,438.659813
1752.500582,515,440.010966
1132.815383,328,440.807315
2011.027133,583,442.406188
1733.172099,521,443.701189
2619.855064,773,445.738675
1296.346445,380,446.668268
1054.516138,321,447.615486
1500.871729,445,448.713591
1584.160189,471,450.040878
2761.955713,803,452.057357
1715.214246,495,453.408994
1503.270844,431,454.414383
1784.949037,520,455.84621
1084.81909,320,456.624651
1487.597504,446,457.857083
1764.005267,513,459.108678
3284.79269,1000,461.711844
876.440153,245,462.324013
1365.135473,398,463.408168
1800.806093,534,464.631844
1493.011649,428,465.76181
1690.477847,498,466.956758
2578.536387,758,468.911952
1254.848303,374,469.790851
1270.778139,369,470.802174
1367.699425,404,471.776218
1026.579986,295,472.535879
1511.44023,442,473.775488
1119.556364,335,474.581084
2351.356005,694,476.439241
1066.382291,306,477.168981
1285.475676,376,478.079246
1500.658277,445,479.319255
727.277628,215,479.844108
1443.105105,427,480.877323
967.31991,275,481.694887
1201.598392,361,482.557672
1236.099252,353,483.422946
698.771997,212,484.102265
1009.925477,292,484.81999
2208.596158,642,486.569181
1241.92537,364,487.465125
1125.83257,347,488.308834
969.725329,283,488.99088
1017.343295,281,489.815291
1248.956638,361,490.687561
1346.419145,385,491.66734
983.793239,282,492.2969
2527.569405,742,494.262843
1032.658547,300,495.023246
1513.627655,435,496.123168
1032.015943,298,497.015386
2070.400644,610,498.520714
1164.596196,333,499.35881
1681.817314,494,500.771913
1232.868265,349,501.635728
2908.716815,864,503.970713
831.109094,243,504.577868
1841.359988,532,506.039834
1275.031239,376,506.956186
3325.336183,1000,509.57567
2496.611422,723,511.519314
905.291012,279,512.219455
897.040506,252,512.863058
927.231652,264,513.668526
1248.014475,366,514.569326
1519.78087,436,515.660858
1487.003035,438,516.897794
1545.887899,447,518.033433
1007.612751,292,518.990629
1671.956713,491,520.232492
1359.10787,403,521.255999
1310.8435,379,522.349529
1491.188198,444,523.467165
1237.543147,351,524.528707
1025.608179,303,525.288497
822.608908,239,525.897229
1544.3167,450,527.186012
1547.853339,449,528.308583
1284.471965,371,529.203546
1722.758843,505,530.573416
2052.642763,609,532.023655
1490.405447,435,533.227139
923.888893,264,533.878904
1176.611903,337,534.903291
1204.184608,354,535.980652
2520.694361,736,538.103372
919.633486,257,538.822709
1493.903273,450,540.044676
862.348403,251,540.915958
1546.700579,451,542.051161
1199.499569,347,542.882798
1219.064232,349,543.873165
930.599643,262,544.515688
1309.931416,378,545.351372
1461.285058,421,546.576774
1151.057647,326,547.435229
1231.80613,363,548.388301
984.508244,294,549.287352
1019.924307,292,550.02681
2315.829825,688,551.862753
2308.598962,684,553.487214
1483.126398,417,554.63445
1631.522988,479,555.813842
1524.732188,444,557.036794
1201.181259,336,557.853792
1239.162876,350,558.70313
1270.13945,365,559.796163
1012.157269,288,560.522095
1018.209944,295,561.300243
1802.578991,530,562.840567
3424.005853,987,565.463986
2832.42342,812,567.364605
1671.623103,494,568.689887
1014.694935,294,569.398741
1290.540658,367,570.435849
2688.778492,771,572.31122
1264.865064,359,573.325451
1790.625508,524,574.566363
997.421571,282,575.24424
1203.3485,344,576.222404
614.578231,194,576.677602
2918.948975,838,578.789601
1536.509752,447,579.851501
1300.291629,375,580.891241
2865.067076,829,582.85957
2026.105695,603,584.426029
1814.741516,508,585.618545
1485.684466,434,586.818949
974.003298,286,587.499239
2776.65927,794,589.547921
1787.664733,517,590.791831
1689.392038,477,592.081235
2237.442202,621,593.660171
3371.238782,1000,596.204632
2384.136484,726,597.900627
1299.577285,395,598.926466
1136.379594,325,599.672822
963.969304,272,600.29836
1434.249053,403,601.407363
999.452594,307,602.138019
1303.162177,377,603.047254
1148.269806,327,603.986311
1576.414354,463,605.08834
1351.136476,395,606.04466
1278.73057,375,607.101949
1898.922569,555,608.446719
3195.900599,913,610.914654
1499.611493,429,612.167127
1524.979701,430,613.214682
1402.010695,395,614.196061
2149.846675,619,615.924387
1029.695071,289,616.645563
1490.183374,417,617.845861
3363.482887,1000,620.429886
1517.287765,438,621.448293
1036.995172,287,622.134025
2394.754248,683,623.938167
1303.933291,365,624.847257
1301.087924,376,625.935863
2274.752337,658,627.548534
444.565327,164,628.193523
1480.819248,413,629.26723
2277.190257,651,631.078483
1155.002812,325,631.875025
1988.511903,586,633.45499
1260.650878,362,634.316628
1302.197337,382,635.253023
1630.084323,468,636.56139
1306.471348,362,637.443101
1235.198548,351,638.310004
1980.01161,561,639.923105
1126.7394,327,640.767663
1043.652624,305,641.72513
2373.461436,683,643.389783
1176.393616,325,644.317953
1242.670286,364,645.197832
1477.446357,419,646.233347
1348.220532,386,647.324721
1865.315731,535,648.633051
1053.178926,300,649.506036
1273.000793,364,650.319469
1562.60382,449,651.357842
1247.633702,359,652.339629
1169.651464,339,653.159582
1244.964832,359,654.044566
1196.538006,342,655.032097
1226.81189,351,655.8944
1115.983721,327,656.684515
2338.173483,667,658.461113
1241.568908,344,659.286743
2222.948719,642,660.939491
1404.362314,401,661.866612
1491.034556,417,663.012447
1777.37262,496,664.190082
1936.1075,552,665.652798
1112.030172,311,666.389188
745.136869,215,666.890345
1340.923353,381,667.91882
2822.366128,805,669.80309
1200.270047,335,670.755827
2118.157441,628,672.26812
1718.493953,497,673.618744
2089.572924,640,675.274374
1242.082375,353,676.111293
1553.74651,438,677.16197
1886.125942,541,678.624395
917.686851,271,679.282338
2914.265088,831,681.426244
1811.790167,510,682.61167
2768.142196,789,684.627473
1000.506473,281,685.295077
1228.224419,344,686.264678
1955.992588,567,687.610645
3401.527551,1000,690.100632
989.432715,280,690.895402
1251.83478,349,691.716297
2240.089732,641,693.377469
1194.170064,337,694.183421
1082.437583,305,694.909231
2905.32452,838,697.008247
3424.201613,1000,699.498542
1572.496543,454,700.577931
1628.272663,456,701.724166
1190.842799,333,702.49437
1116.94478,315,703.225051
2011.062207,574,704.708362
1850.098007,521,706.107499
1035.601586,296,706.817258
423.145524,143,707.158553
714.551187,213,707.671557
1079.443984,309,708.413742
450.70683,159,708.945724
1012.680556,290,709.639997
1509.575979,434,710.6755
1103.728036,307,711.534348
1346.660164,379,712.411828
1388.446303,397,713.348189
1836.465025,524,714.748317
1207.108296,336,715.588073
2434.157278,695,717.391301
1672.047314,482,718.54563
1012.411711,288,719.374112
2473.42832,707,721.019885
3476.510841,995,723.511431
1118.991937,319,724.419691
1319.585843,377,725.312037
697.75677,209,725.806217
1227.766069,354,726.764182
1011.243185,286,727.427573
1071.341354,297,728.122344
1232.919779,343,728.930386
1754.706938,487,730.240943
1555.773903,441,731.280956
1319.80306,378,732.32727
1026.56162,301,733.041303
890.232051,246,733.608264
1368.208955,389,734.674528
3458.160954,980,737.16531
1542.546838,447,738.231443
630.000888,192,738.686774
2962.104293,843,740.832611
1496.867031,414,741.796703
2206.78092,622,743.408486
2384.836064,679,745.178744
3392.195438,1000,747.724252
1647.997031,461,748.796595
1266.404175,353,749.762469
1082.940404,302,750.500243
1157.211707,321,751.284683
721.575171,213,751.747304
2045.3143,576,753.280395
1765.686194,505,754.438912
2140.24296,611,756.011069
980.817672,284,756.691137
3368.733879,1000,759.219095
1027.091282,281,760.03879
1651.748026,470,761.139743
902.130785,249,761.712325
2361.062419,672,763.43389
3372.539436,1000,765.966699
1297.43977,362,766.829835
933.910159,271,767.466203
1375.342577,396,768.532678
1397.056891,388,769.423186
3071.930145,867,771.677693
2176.638174,621,773.318698
3425.475632,1000,775.927552
2627.239562,783,777.794275
2327.598294,654,779.549417
1507.202557,424,780.582152
2101.35174,579,782.186357
2917.275582,822,784.344684
3520.472463,1000,786.849338
1362.835596,406,787.822958
1291.5307,370,788.87643
2370.310728,680,790.545925
2744.770437,782,792.60708
1586.082889,449,793.715057
1592.073193,463,795.017661
3146.235034,894,797.32379
3393.17299,1000,799.859257
2728.018941,789,801.819085
2545.473948,727,803.546805
167.33192,79,803.73802
3351.619547,1000,806.174223
1819.497977,519,807.537211
3438.024301,1000,810.068538
2567.464832,725,811.831761
1221.146263,339,812.793759
1979.55985,562,814.12041
1564.202893,452,815.349219
3323.493245,1000,817.92159
1536.106367,420,818.923062
687.991282,209,819.424233
2808.5988,801,821.467018
396.562022,139,821.797734
1243.202462,356,822.795266
1780.993787,491,823.961796
940.270821,260,824.562365
1115.512541,314,825.426961
1250.68532,354,826.236424
2657.554881,754,828.156367
1012.320564,284,828.824512
1743.812009,495,830.151146
1811.539723,512,831.359896
430.999521,154,831.721354
1070.153331,299,832.407294
2341.099978,659,834.081506
1030.61205,296,834.792845
3364.243235,1000,837.335149
1161.178749,326,838.26272
2608.175627,731,839.962458
1290.451298,361,840.939631
2636.624237,753,842.702657
2268.909454,639,844.363178
3461.242034,1000,846.880789
907.715453,255,847.472507
94.108026,54,847.59705
589.2581,182,848.165334
2435.118816,693,849.803677
1449.541518,391,850.889961
804.621933,232,851.440472
2544.898553,708,853.316278
910.416695,264,853.94615
1062.177224,307,854.621007
3215.489006,911,856.914739
1201.745897,358,857.796503
1779.063488,509,859.173476
1312.987927,389,860.113023
540.361954,170,860.523511
2940.192113,828,862.654412
2721.487236,787,864.759096
2264.77831,646,866.420636
1650.461187,468,867.550512
1344.364626,382,868.464829
1150.208235,317,869.384559
1350.950172,373,870.322999
2421.189297,680,872.236504
1965.751908,560,873.616682
3504.743949,997,876.233024
2125.518978,598,877.912858
1293.946972,366,878.816912
1433.832669,392,879.906071
877.746221,250,880.515204
83.640183,49,880.636267
3209.156044,903,882.945366
1365.69931,388,883.884199
1395.942443,397,885.020317
3487.36065,1000,887.577961
2390.180508,682,889.208908
2939.144605,847,891.392767
985.404388,275,892.052848
1461.493562,421,893.214475
2326.197851,669,894.814379
1494.671552,419,895.97306
3466.748178,1000,898.454049
602.577373,210,898.951735
1921.186685,555,900.269547
823.730126,238,901.016874
1281.813734,374,901.927997
1539.394722,429,903.119074
1023.512944,288,903.814073
2572.306814,728,905.595952
3432.731277,1000,908.101837
971.352851,267,908.888886
2112.125414,606,910.305115
1308.959329,362,911.34088
2329.21958,679,912.989193
983.27524,276,913.797948
1080.821068,300,914.50426
667.770967,203,914.988961
3080.893583,882,917.237475
1291.05443,368,918.076355
1420.823634,406,919.152661
3361.609336,1000,921.653343
1872.514006,534,922.907338
1347.428832,377,923.94603
1206.000288,343,924.758343
1482.249409,413,925.701623
1512.639499,435,926.849464
1743.315101,488,927.999106
2667.855057,750,929.924387
1788.127344,507,931.130876
3172.742781,915,933.439046
3083.608032,895,935.654392
2219.93653,632,937.302909
1853.114273,511,938.501211
1829.562188,509,939.851913
1292.138801,361,940.679018
3469.588159,1000,943.149183
3560.592703,996,945.650006
460.471563,148,946.002567
1857.928601,523,947.381161
2087.930212,602,948.759055
1313.21312,372,949.774717
2346.730385,653,951.327486
3453.632044,1000,953.846277
3410.017928,935,956.210257
1342.325422,383,957.261862
2496.508266,701,958.827036
1816.254422,499,960.142246
3408.16298,979,962.688043
3453.810131,1000,965.265838
3376.681812,1000,967.817211
3149.760397,903,970.143791
3345.854585,1000,972.652944
3360.708135,1000,975.293196
1891.408411,518,976.562977
3457.542271,1000,979.191373
1780.898186,507,980.600373
3383.974428,1000,983.080328
1384.226574,381,983.980388
1473.115902,408,984.946471
1701.653491,478,986.226421
2574.314305,730,987.957456
3385.812048,1000,990.41469
3398.980742,1000,992.954646
2444.329222,689,994.733035
2796.78388,788,996.749293
1737.249576,480,997.863454
1157.602009,324,998.751513
1650.57069,468,999.840974
2855.95041,806,1002.00763
3048.833976,852,1004.363037
1034.829327,285,1005.06507
1826.595334,490,1006.242671
2095.518095,585,1008.220621
1180.020198,326,1009.104254
3220.338272,911,1011.596458
2224.677524,621,1013.119473
3488.707573,989,1015.71802
2386.194637,666,1017.320985
2150.530316,603,1018.969242
976.013703,267,1019.619337
3570.303894,1000,1022.209023
3441.841577,1000,1024.673225
1834.41942,496,1025.952307
1241.252438,341,1026.749905
2656.284234,743,1028.658429
955.567668,266,1029.286788
2854.086507,798,1031.303879
1681.555681,463,1032.369004
1134.737375,315,1033.231647
2897.374755,837,1035.148974
753.327314,220,1035.813712
3440.796119,1000,1038.297155
1105.653176,309,1039.023034
3469.504524,1000,1041.47363
1487.823873,403,1042.405218
3461.332734,1000,1044.893972
3137.397374,868,1047.065866
1151.992003,304,1047.767686
3424.011904,1000,1050.208881
3395.966038,1000,1052.682557
1194.058546,338,1053.626241
1888.72971,532,1054.870272
3466.262972,1000,1057.304504
2728.635265,767,1059.252373
2875.609247,850,1061.376012
3318.476202,926,1063.53994
1742.088737,483,1064.626077
1822.198266,508,1065.933329
3474.700155,1000,1068.428498
3341.162904,942,1070.786991
3136.903038,869,1072.766016
744.49579,217,1073.405249
3416.0117,1000,1075.872514
1530.959933,432,1076.879479
3439.911147,1000,1079.337166
3499.279544,1000,1081.776917
1490.305374,414,1082.741349
2363.119683,668,1084.447689
2247.699599,637,1086.095141
2582.612901,723,1087.745509
1466.224074,403,1088.830315
3348.952577,927,1091.130598
3442.194866,1000,1093.58594
1806.455858,508,1094.740571
1176.645035,331,1095.517859
1855.297151,529,1096.897409
1932.307032,532,1098.130597
2575.160207,717,1099.926647
3456.958142,1000,1102.362277
2362.487744,658,1104.056914
1480.051976,414,1105.023574
2718.824321,758,1106.926523
2667.09909,742,1108.762396
1164.399733,323,1109.522261
1059.984506,301,1110.230328
1177.779073,325,1111.163421
1678.215101,475,1112.294898
1145.823804,314,1112.977778
1013.971213,285,1113.741516
1024.658467,291,1114.401154
1334.024217,383,1115.264835
1418.593884,389,1116.301533
1653.314378,464,1117.388371
954.56557,268,1118.013913
1342.472233,368,1119.027839
956.266693,261,1119.646318
1150.863509,322,1120.408222
3415.671154,1000,1122.871309
1373.318552,393,1123.915338
3431.736675,1000,1126.414136
3410.436886,1000,1128.904957
1559.789169,440,1129.918608
2795.206303,779,1131.877094
2821.345727,803,1133.900213
3589.598513,1000,1136.457317
1268.443152,356,1137.2913
1048.134443,298,1137.972453
1500.294985,446,1139.140931
1130.712982,319,1139.882499
1038.460596,286,1140.559395
1549.763267,453,1141.782243
1735.743156,480,1142.927528
1852.995823,517,1144.286396
2576.679589,714,1145.929769
3467.602616,1000,1148.341407
2407.248681,677,1150.058164
1291.694474,363,1150.906826
1661.828919,461,1152.126203
1503.725774,416,1153.084463
1880.066216,535,1154.438889
1344.18358,389,1155.327606
1352.067094,382,1156.216833
3420.625046,1000,1158.695145
1593.447943,449,1159.901419
1473.901613,414,1160.870055
2186.591089,613,1162.363915
1197.205975,327,1163.051974
3485.560781,1000,1165.506241
2246.023382,623,1167.113038
2228.471578,628,1168.579873
1246.476906,354,1169.548421
3388.065984,1000,1171.982696
2113.695974,599,1173.374906
756.053924,223,1174.05351
705.105704,209,1174.547954
1027.036624,290,1175.228502
2583.570847,712,1177.021476
78.321246,45,1177.125767
1608.247549,453,1178.142292
3002.125453,831,1180.21201
2639.583466,735,1182.064072
1217.111803,346,1182.870362
1620.295103,455,1184.042349
1580.826156,439,1185.036297
1962.70914,546,1186.310463
2083.351719,578,1187.862696
3505.510456,1000,1190.540174
1919.976529,528,1191.981423
1848.293993,525,1193.204285
1127.122232,308,1193.915714
1332.582776,385,1194.978042
2766.724595,777,1196.991143
2187.625938,597,1198.399842
2391.240332,659,1200.141376
2186.812885,605,1201.568142
1308.748252,355,1202.526543
3473.010445,1000,1205.146729
2149.199432,596,1206.596696
2189.53887,608,1208.192253
1644.603885,448,1209.238538
3358.510099,908,1211.545536
1971.920612,546,1213.013248
1912.862139,537,1214.291393
1964.717941,548,1215.730672
3622.859975,1000,1218.290264
1310.332491,368,1219.17663
2466.936819,673,1220.936744
1318.141474,360,1221.812251
2667.086146,715,1223.687502
3538.167361,1000,1226.191883
3420.697394,1000,1228.67472
1331.290699,364,1229.501305
867.471688,240,1230.046
565.848605,178,1230.456026
1627.08221,446,1231.733241
1349.545717,365,1232.616245
3466.949031,1000,1235.164607
3073.484971,840,1237.226515
2163.786632,586,1238.736741
3503.906112,1000,1241.220147
1554.676226,422,1242.210626
1946.797343,540,1243.588784
2111.61086,588,1244.933955
2386.902542,659,1246.633713
3498.291225,1000,1249.127226
1335.272657,369,1249.980449
3523.393712,1000,1252.397463
2385.399839,670,1254.116434
2193.652188,610,1255.534482
1907.427694,521,1256.891607
3507.75959,1000,1259.30232
2349.071259,650,1260.808377
2248.661552,622,1262.404509
1575.151347,421,1263.38575
3551.75849,1000,1265.726009
1341.732686,365,1266.692145
1278.481238,341,1267.460295
2804.946868,773,1269.368002
2920.259647,798,1271.387781
1331.231601,358,1272.236422
1602.992152,426,1273.256528
2561.802695,715,1275.087864
3485.003795,1000,1277.617321
2886.288526,801,1279.788872
2847.809192,786,1281.941299
1453.136494,400,1282.890949
1438.549468,402,1283.854533
3500.374294,1000,1286.373115
1725.452783,472,1287.638249
1107.282026,315,1288.376838
859.994291,239,1288.946274
1205.83915,324,1289.871032
3464.872567,1000,1292.330596
3392.540425,1000,1294.86266
2485.588325,701,1296.517615
3463.721961,1000,1298.983855
1711.55875,469,1300.211439
2256.761578,614,1301.647253
3477.349229,1000,1304.151419
2425.876457,664,1305.865802
2158.248724,595,1307.434801
3102.855635,858,1309.491942
2930.647712,800,1311.602926
3043.199744,862,1313.912316
986.10083,266,1314.598168
3513.954045,1000,1317.260121
3499.892081,1000,1319.778674
1724.104531,479,1321.113682
3524.214137,1000,1323.753508
3489.699364,1000,1326.360827
1741.009897,482,1327.539552
1592.766312,427,1328.711531
3398.792858,937,1331.136955
1335.59789,368,1332.022042
3492.199216,1000,1334.561451
2968.166663,809,1336.600917
3554.63863,1000,1339.080539
2098.704956,573,1340.38352
1256.262288,340,1341.328902
3502.642606,1000,1343.809039
2092.29128,579,1345.165198
1845.082337,508,1346.48917
2712.26352,753,1348.205035
1000.396862,273,1348.990262
1285.667521,354,1349.820468
725.669899,208,1350.30863
1850.898795,516,1351.706089
1054.061671,284,1352.371933
3016.716588,829,1354.47635
1626.810159,454,1355.535371
3603.510316,1000,1357.955115
1591.498873,443,1359.140868
932.436951,271,1359.774148
1002.602802,277,1360.419296
1202.939373,325,1361.172352
1539.02889,417,1362.308015
1387.949885,384,1363.202948
3599.084002,986,1365.588443
1883.62092,524,1366.969434
1336.186414,371,1367.838384
2818.041287,787,1369.686004
653.017244,195,1370.137131
1333.075925,366,1370.967608
1325.081808,371,1371.968191
1264.210124,345,1372.786118
2590.310289,707,1374.581148
1070.835114,296,1375.270572
2964.165022,811,1377.272619
1045.503038,282,1377.910113
1489.37457,407,1378.84221
1189.190765,323,1379.748182
1814.897545,499,1380.915404
2893.267619,791,1382.921196
2201.376716,598,1384.422606
1619.953206,442,1385.420907
878.818946,245,1385.989916
903.500764,250,1386.721561
3596.1123,1000,1389.195067
837.988208,237,1389.752619
2763.790753,756,1391.619715
940.55044,266,1392.227479
1658.042602,455,1393.292169
928.626677,251,1393.879434
2144.767153,571,1395.414799
3163.949289,869,1397.631144
1642.833741,448,1398.736455
1243.030115,336,1399.687517
2664.008865,723,1401.433184
1498.301275,402,1402.541167
3506.289849,1000,1405.08436
1818.668894,487,1406.252557
1298.990406,351,1407.225356
1216.520149,332,1407.982326
1011.145226,270,1408.591436
1125.373818,308,1409.33135
1046.691894,287,1410.221729
3532.884599,1000,1412.966272
2310.083053,625,1414.424444
1555.713495,416,1415.549088
1362.39325,375,1416.448211
953.033063,255,1417.065919
1970.945023,535,1418.462822
1574.617507,419,1419.457287
1181.039654,319,1420.367875
874.875022,243,1420.889988
1285.001576,343,1421.609092
1222.735488,331,1422.426787
872.102517,234,1423.161241
1649.237977,444,1424.225609
2492.975472,677,1426.002225
963.687995,257,1426.617559
875.250287,243,1427.201385
1039.078332,277,1428.016711
1150.859372,316,1428.763424
1469.436233,398,1429.708752
1144.319645,305,1430.567863
1234.075247,338,1431.356018
1419.610142,390,1432.279664
1622.34721,440,1433.462254
1078.598598,292,1434.17095
1316.981,358,1435.077022
1511.621723,406,1436.222077
1373.861359,367,1437.081959
2326.20039,636,1438.700294
1659.45794,434,1439.709131
1034.740502,277,1440.35955
1374.846692,373,1441.412218
1108.898857,298,1442.116053
1037.353275,277,1442.779294
1155.65672,306,1443.668563
3278.279794,882,1445.818404
1644.003775,452,1446.99573
1587.340391,425,1448.033534
1315.064257,347,1449.047906
3025.122391,828,1451.13214
2511.098228,685,1452.997722
2179.166014,579,1454.564417
1399.77305,378,1455.533487
1749.672247,469,1456.851912
3644.703111,990,1459.2681
1374.630323,381,1460.345491
2282.748109,620,1461.83254
1059.947349,287,1462.717888
2835.309785,767,1464.555042
3436.556084,1000,1467.101459
901.140495,246,1467.845514
3455.656421,1000,1470.368113
1804.410834,488,1471.584732
3555.038351,1000,1474.095264
1458.808681,389,1475.091324
2486.361518,662,1476.56067
1784.860401,476,1477.879712
2756.854047,745,1479.652753
3507.554439,1000,1482.213367
1734.552593,466,1483.492707
3524.89071,1000,1486.041187
3571.042333,1000,1488.592166
3388.571459,923,1490.880141
2158.297415,588,1492.235184
2177.343437,578,1493.806359
3588.901136,1000,1496.463339
1626.066062,446,1497.613397
3564.235517,1000,1500.095766
2901.064646,785,1502.138398
1768.676532,476,1503.263018
3451.229255,954,1505.704658
1382.413215,367,1506.6947
1692.788258,441,1507.739433
3348.497067,894,1509.996501
2687.883134,730,1511.881065
3266.937924,886,1514.066436
2776.719327,764,1515.86641
1498.371365,396,1516.969205
1106.076071,300,1517.758824
1508.79802,398,1518.794401
1541.828849,416,1520.008014
1451.577321,392,1520.982291
1788.44821,480,1522.291455
735.155132,211,1522.787644
3612.749752,981,1525.230525
2749.128182,739,1526.99019
1124.366048,308,1527.721193
1532.04721,403,1528.639327
1804.549713,479,1529.911408
1639.142452,442,1530.953219
2653.75243,718,1532.753618
3479.132092,1000,1535.190429
3480.930402,1000,1537.933639
2447.119345,666,1539.459325
3079.654353,832,1541.42864
1280.896327,338,1542.317352
1953.693927,527,1543.49138
713.766104,225,1543.98744
3495.473331,1000,1546.341298
2240.86151,601,1547.854507
2939.626899,793,1549.754812
3564.500034,1000,1552.09702
3532.079487,1000,1554.474187
1223.863981,320,1555.210623
2239.844498,605,1556.733793
1383.994586,383,1557.596887
1569.837582,414,1558.577562
2358.576332,632,1560.198515
1319.928985,347,1560.994453
3055.013414,835,1563.067161
1647.124725,439,1564.147941
1094.425724,300,1565.071368
2238.052272,610,1566.514597
3060.480387,827,1568.588164
1844.312398,489,1569.887098
2365.421384,633,1571.309155
854.333388,238,1571.992793
1366.746594,366,1572.832735
1488.54726,400,1573.759285
2200.379451,591,1575.289205
1285.0022,354,1576.020269
753.158167,217,1576.469511
1366.007084,372,1577.426732
1838.241451,485,1578.518339
2632.923251,710,1580.342867
1449.407068,399,1581.276111
1477.731204,395,1582.472992
1064.591326,287,1583.194323
729.634769,212,1583.728425
1157.711305,308,1584.470531
3109.385807,837,1586.679691
2012.939168,551,1588.197997
1161.699198,307,1588.935089
1679.698467,466,1590.249232
2760.760554,762,1592.204278
1254.270757,338,1593.233422
1680.699634,444,1594.313295
1152.91097,306,1595.048789
2300.533105,639,1596.795159
2226.144694,604,1598.544769
1243.706089,325,1599.39235
3489.681168,1000,1602.121535
999.305956,266,1602.759806
1191.022515,321,1603.522047
2683.977549,730,1605.360423
1783.109425,480,1606.675269
1074.83521,287,1607.359333
1675.744748,456,1608.436132
2271.621772,619,1610.044861
3127.686634,853,1612.168134
3512.159502,1000,1614.792202
2564.318015,693,1616.486546
3069.859657,846,1618.582523
2298.307264,621,1620.141591
1387.949332,383,1621.06361
3543.858846,1000,1623.720791
3324.021386,884,1626.026612
1080.616931,283,1626.685654
1965.582697,510,1627.960573
1224.497725,325,1628.661843
1031.745097,278,1629.198818
2650.142169,715,1630.853137
1276.95553,351,1631.826287
789.271766,224,1632.345265
1232.598932,340,1633.09965
3547.424504,1000,1635.346271
1552.944705,416,1636.204065
1921.308198,526,1637.423222
1249.676855,335,1638.150428
3496.066669,1000,1640.419899
3567.80153,959,1642.694677
1740.445635,472,1643.929922
1214.554156,318,1644.658134
2363.285783,640,1646.239892
3581.696648,1000,1648.533093
1094.007046,293,1649.165773
1377.651656,361,1649.941199
2102.571175,569,1651.273479
1046.044501,276,1651.8638
1555.521138,418,1652.72482
2014.029908,555,1654.010618
3123.217305,847,1655.898645
1080.245282,288,1656.490682
2387.626906,648,1657.922897
1382.607731,370,1658.663225
998.763753,272,1659.209891
2511.054908,692,1660.732409
2162.929239,577,1662.014697
1152.457868,310,1662.633396
1652.232545,450,1663.525367
2850.336013,781,1665.247225
1842.162376,501,1666.462275
1297.221478,358,1667.230112
2514.09763,677,1668.814821
2220.66728,619,1670.130719
1521.296311,413,1671.149449
3514.000382,1000,1673.355615
1119.940781,304,1673.978035
1673.612912,468,1674.798609
2354.442551,643,1676.166883
1142.233984,354,1676.860558
1647.832681,437,1677.862452
1608.051697,433,1678.771473
939.163579,251,1679.304805
1208.835892,331,1680.193468
1419.843379,375,1681.051714
1061.186059,299,1681.697562
566.526999,200,1682.254719
1970.090524,541,1683.445095
632.470789,188,1683.876658
1383.814652,372,1684.807787
1079.64905,293,1685.410512
1983.431722,554,1686.660954
1469.884894,400,1687.497313
3518.133512,1000,1689.627167
2700.721713,721,1691.257017
2861.573392,778,1692.899343
1539.050936,450,1693.962933
3493.805482,1000,1696.08948
3088.914939,839,1697.873218
1232.055401,323,1698.535226
2555.056278,696,1700.083801
827.624664,235,1700.567344
1059.690364,292,1701.199583
1667.32254,457,1702.29014
3434.406452,999,1704.434876
785.290868,216,1704.868806
1708.109495,462,1705.800504
1891.535024,556,1707.040289
2893.474941,805,1708.651721
2807.136734,778,1710.348099
1821.663506,485,1711.483592
952.304145,250,1712.026611
1299.600909,347,1712.74516
2405.539451,639,1714.39111
1819.131132,494,1715.541059
1366.996896,367,1716.516102
1637.824153,440,1717.513639
2816.362471,759,1719.501466
993.724099,264,1720.121482
1990.734238,556,1721.329005
992.036839,303,1721.8548
3340.869851,897,1723.697962
2424.300179,660,1725.173619
1590.771113,423,1726.042543
1941.403743,531,1727.117404
3223.574855,879,1729.038453
1690.999386,466,1730.105313
2843.316023,767,1731.762982
3510.135163,1000,1733.902827
1703.058564,464,1734.864273
1351.44903,359,1735.645261
2306.543453,637,1737.066748
1485.249873,390,1737.829713
2177.817469,600,1739.127063
2242.213213,624,1740.46252
2598.633323,718,1741.856742
1344.437449,382,1742.731486
1335.967149,354,1743.446267
1879.125806,513,1744.479289
2525.189492,706,1745.995325
833.852197,222,1746.426997
1375.789617,364,1747.26373
1053.519478,273,1747.793277
1052.288673,277,1748.33407
829.649921,230,1748.782826
1344.638752,349,1749.596105
2604.642389,708,1751.060254
1166.399913,316,1751.669358
2264.287281,612,1752.85538
1662.747561,454,1753.865838
1384.407264,371,1754.610233
1392.849905,373,1755.490255
2139.1538,573,1756.599465
2075.031477,567,1757.828156
972.255939,255,1758.325326
1446.922745,404,1759.105468
1306.287341,348,1759.912247
1677.97168,449,1760.788096
1497.877026,407,1761.707525
1986.678453,541,1762.75471
1623.901848,445,1763.617061
1413.874996,386,1764.463827
2211.504617,588,1765.372605
1545.904456,411,1766.2101
1635.877313,437,1767.026971
971.937512,251,1767.643226
1826.230474,489,1768.594759
1602.989365,426,1769.419545
1065.811763,283,1770.112799
1371.808772,365,1770.843957
1387.297815,369,1771.569317
1635.227232,436,1772.54303
1475.553004,394,1773.304936
1675.011543,453,1774.300187
2194.222348,587,1775.428199
1612.213367,432,1776.394205
1203.146757,323,1777.02457
2983.073478,811,1778.724299
1974.41341,531,1779.752754
1330.773008,354,1780.566995
1381.837712,365,1781.279633
1469.201076,403,1782.059736
1801.998548,484,1783.123963
1825.002658,494,1784.076267
1859.919615,498,1785.188684
1361.385335,361,1785.887202
1628.161846,441,1786.870743
2216.83414,604,1788.04009
1377.48309,367,1788.880605
1589.916614,423,1789.700496
1313.810073,347,1790.375079
3132.201966,853,1792.157773
1365.200274,362,1792.886336
1388.104832,372,1793.760071
1364.898123,360,1794.479089
1358.405614,367,1795.358641
1313.541277,344,1796.067189
1107.483967,302,1796.698736
2001.471508,540,1797.933781
1177.836032,316,1798.559212
1332.242753,346,1799.238875
1254.167952,332,1800.028683
1363.329964,363,1800.765233
1778.304888,476,1801.711947
1643.30381,448,1802.711652
1724.594621,460,1803.637666
2176.917543,582,1804.954246
1365.507073,361,1805.670132
1490.229881,401,1806.570755
2280.573091,614,1807.770329
1520.291786,402,1808.694357
2802.427471,749,1809.969372
3339.315857,899,1811.618594
1091.120863,291,1812.300239
976.7894,259,1812.818214
1055.865669,273,1813.381414
2241.66166,592,1814.721228
3563.014281,1000,1816.853027
1686.167911,450,1817.735143
2237.604259,595,1819.036534
1002.883705,263,1819.5489
1061.189853,279,1820.091766
1723.439706,467,1821.132982
2127.255057,576,1822.260471
2392.862881,644,1823.643365
1045.011962,267,1824.163935
1597.079164,419,1825.109954
1686.474991,454,1825.994611
3294.567218,895,1827.870522
1522.109672,399,1828.66752
3554.440133,1000,1830.751313
1924.249988,522,1831.897421
1052.646292,286,1832.45023
1400.940027,367,1833.160755
976.850845,254,1833.772402
1744.900233,473,1834.668901
795.382854,222,1835.101582
2948.300669,794,1836.770017
1388.315955,371,1837.49138
2732.432505,735,1839.075913
2511.602553,674,1840.522269
760.665323,210,1840.930988
3046.315669,815,1842.636633
2853.72603,776,1844.253937
763.795726,205,1844.647263
1030.680575,267,1845.153675
1006.613118,265,1845.665944
711.033101,206,1846.068071
2467.13634,670,1847.492551
1491.505273,399,1848.3923
1649.614941,442,1849.277535
2847.658095,764,1850.914425
1212.000885,328,1851.55133
1605.599377,428,1852.383821
1864.955262,500,1853.307495
1936.157096,525,1854.232264
1709.874583,464,1855.23866
1664.340811,441,1856.094405
1360.026633,375,1856.944038
1556.035715,407,1857.734002
2595.801725,705,1859.222215
2131.52168,571,1860.322927
945.705521,253,1860.944889
2534.985386,679,1862.258126
1930.915645,508,1863.371749
1133.048631,306,1863.963949
2263.086875,606,1865.265607
2277.386956,608,1866.448322
1809.686468,489,1867.525117
1359.914881,355,1868.216933
1121.437135,299,1868.793627
1914.935562,507,1869.908789
2719.273586,743,1871.472758
1975.09805,538,1872.516211
1952.518098,529,1873.670707
2289.586856,624,1874.885237
1487.518134,390,1875.767386
935.560621,248,1876.251941
1480.967429,386,1876.995625
2356.231408,625,1878.295207
1417.123746,379,1879.026708
1241.453694,324,1879.776713
2824.039584,769,1881.265308
2384.334089,640,1882.624793
1465.779286,389,1883.376687
1692.734775,447,1884.366337
1052.718876,278,1884.910827
1273.10227,331,1885.549894
2883.153334,786,1887.197977
1927.092631,518,1888.327079
1663.790336,437,1889.172702
1048.74685,289,1889.733628
1386.650951,367,1890.573212
1619.890657,436,1891.418545
3343.020598,906,1893.296651
3650.78787,1000,1895.367229
3407.789802,918,1897.18475
2051.092088,544,1898.12702
3552.256474,1000,1900.14166
3560.32754,1000,1902.20345
1418.063917,384,1903.080611
3564.079817,1000,1905.185371
3378.16044,920,1907.093833
1482.493973,385,1907.843027
2552.978475,693,1909.313837
1767.910092,476,1910.238357
1313.184545,346,1910.911234
86.890207,51,1911.011727
3659.339564,1000,1913.078646
2498.764597,673,1914.511802
2276.070431,626,1915.855493
3541.106371,1000,1917.918406
1588.793708,431,1918.753214
1663.121804,440,1919.736295
1766.328276,476,1920.656068
3479.030374,1000,1922.717071
1925.638546,521,1923.726147
1635.413819,453,1924.736571
1749.572717,478,1925.663748
1999.597163,531,1926.822828
1918.459851,518,1927.822002
3490.549592,1000,1929.884541
2019.456029,537,1931.051918
1609.59508,427,1931.875763
2491.218002,677,1933.319213
3520.942922,1000,1935.387574
3153.930947,845,1937.15319
3616.457124,972,1939.163158
3614.389018,1000,1940.845684
3475.444061,1000,1942.673641
3507.299704,1000,1944.731723
1413.839576,387,1945.483899
3195.739937,874,1947.350687
1374.11747,362,1948.053418
3558.555253,970,1950.059802
3652.569001,1000,1952.083974
3602.864836,1000,1954.153819
1366.360269,362,1954.983849
3555.935364,963,1956.843487
3300.229197,889,1958.69733
2541.247574,684,1960.150534
1739.316214,464,1961.048481
3530.349556,1000,1963.150999
2882.894463,776,1964.855423
3561.747153,1000,1967.024061
3463.758508,921,1968.979109
3525.483822,1000,1971.142113
3463.638219,1000,1973.307241
1988.689675,530,1974.478206
3513.489134,1000,1976.478196
3527.541694,1000,1978.588792
3515.939706,1000,1980.919767
2833.734319,760,1982.594394
3588.997812,1000,1984.708922
1806.806919,488,1985.798296
3518.630931,1000,1987.799265
1001.377581,266,1988.345924
1501.952138,400,1989.144241
2474.721498,667,1990.683113
3525.751072,1000,1992.887051
3548.153893,1000,1995.012944
3524.609574,1000,1997.143344
2050.933998,553,1998.264424
1801.396299,482,1999.411274
2350.910142,644,2000.688955
2765.146906,736,2002.289731
2043.047417,558,2003.557213
1805.825599,482,2004.537665
1726.445632,462,2005.57529
2433.25103,657,2006.886509
3540.741825,1000,2009.002868
1790.583643,473,2010.065795
1830.997948,488,2011.058728
2009.453341,543,2012.290809
1957.007554,527,2013.313895
1448.161017,400,2014.22668
1706.573681,463,2015.147219
3563.296849,1000,2017.240199
3421.997719,915,2019.183262
3550.568154,1000,2021.35812
3525.111852,1000,2023.465062
1196.426415,323,2024.087329
1809.084642,498,2025.18358
1303.109353,346,2025.853396
2611.914363,706,2027.346889
3585.998604,972,2029.318612
3581.599279,976,2031.048356
723.99363,216,2031.456801
3528.818445,1000,2033.544088
3612.34337,969,2035.636616
621.772237,189,2036.007908
1667.480889,440,2036.875353
3540.33034,1000,2038.970338
2873.878981,792,2040.694556
3532.706689,1000,2042.844256
2991.497387,807,2044.597177
3576.566129,1000,2046.68854
1823.106942,487,2047.691343
1692.83053,454,2048.726604
940.627531,257,2049.250472
2275.548174,620,2050.6478
1051.613786,279,2051.204836
1805.707719,483,2052.166303
3520.711338,1000,2054.256058
1393.656972,366,2055.108715
2469.501188,661,2056.384176
2746.877654,742,2057.946676
1924.301158,528,2059.121923
1685.56293,457,2060.032163
2648.507464,717,2061.588214
436.715294,150,2061.886268
1886.027199,503,2062.890376
3719.880608,1000,2065.042734
1831.347376,491,2066.127905
3480.623266,930,2068.068121
1838.917837,493,2069.025166
1936.981361,511,2070.111135
2542.002474,681,2071.430808
2858.661621,767,2073.055078
2442.121074,662,2074.460274
3545.950786,1000,2076.16784
1625.354542,422,2076.947201
2949.041807,800,2078.615813
1642.044413,440,2079.468629
2803.190433,758,2081.097511
3034.397482,820,2082.830811
1478.287197,401,2083.61023
1334.14127,351,2084.424613
1671.140391,449,2085.296741
1099.738786,298,2085.873421
3661.739492,1000,2087.902649
2775.622641,752,2089.486814
3404.562473,911,2091.418961
3623.111601,986,2093.482934
1192.312896,315,2094.09398
1984.15152,529,2095.256489
3090.10308,834,2096.999865
1807.938023,479,2097.932224
1588.704605,422,2098.880879
1982.657914,528,2099.903489
3516.519782,948,2101.868181
3394.65957,911,2103.759551
3554.496395,1000,2105.825214
2365.497587,641,2107.065285
2379.569706,645,2108.442015
2664.316862,728,2109.976157
1372.435586,375,2110.703956
2564.51443,701,2112.19497
3552.208293,1000,2114.23395
2611.630356,695,2115.704059
1379.278852,360,2116.404619
2227.46534,599,2117.531215
1376.225607,379,2118.235211
1539.644074,412,2118.886872
1620.075326,430,2119.656419
1819.430558,490,2120.511612
1947.539916,529,2121.638844
2884.345931,785,2123.162336
1245.066213,332,2123.934097
1651.817678,440,2124.816214
1672.730254,459,2125.865693
1984.083076,537,2126.917953
1024.166665,276,2127.45261
1692.523458,458,2128.469569
1442.517521,396,2129.225454
1379.534587,371,2130.048667
3245.873097,885,2131.74918
1362.040211,375,2132.606117
1235.413343,332,2133.248952
1678.61138,463,2134.268749
1369.57174,371,2134.991226
1943.805209,529,2136.018296
1963.495884,532,2137.179474
1522.701488,407,2137.968095
2593.168592,715,2139.482511
1587.438534,424,2140.428878
1959.701158,520,2141.435487
3148.395684,846,2143.19588
1987.87177,535,2144.231578
2770.435552,746,2145.810763
2253.508645,614,2147.130484
1089.757922,289,2147.68057
1564.047771,417,2148.466298
2887.79982,767,2150.071391
1880.739075,501,2151.172416
2150.987205,575,2152.284115
1858.059784,496,2153.372523
2167.533443,587,2154.510078
1708.453409,463,2155.539716
1402.532057,379,2156.277302
1823.813683,489,2157.351465
3544.467112,1000,2159.418257
2338.454921,638,2160.64881
1378.599263,368,2161.488188
3533.974004,1000,2163.345189
1554.919926,409,2164.074694
2477.682839,666,2165.202969
1583.79057,426,2165.849541
2108.396516,573,2166.911641
3546.94392,1000,2168.836496
3595.773943,1000,2170.955437
1793.204096,479,2172.012982
1322.034378,348,2172.693405
1693.077695,462,2173.723831
1146.90077,308,2174.320267
1633.537989,445,2175.186574
2194.758563,592,2176.464296
1353.468905,375,2177.188213
3494.655052,1000,2179.231686
3535.133508,1000,2181.294518
3518.414537,1000,2183.406417
1249.021387,328,2184.177865
2847.069285,770,2185.672715
1341.733863,371,2186.522967
1512.019133,400,2187.2965
2518.506223,684,2188.726352
2677.981288,726,2190.250011
2168.93211,578,2191.377895
3582.166822,1000,2193.458387
1587.546672,427,2194.313408
3541.939533,1000,2196.3992
3475.719621,1000,2198.447529
3199.080003,866,2200.230323
2012.699836,536,2201.399209
2032.286956,547,2202.463432
1652.483997,445,2203.460791
982.751453,273,2203.992175
3450.397797,933,2205.962745
1655.696152,439,2206.827881
3551.267123,1000,2208.711253
2703.179079,726,2210.117305
3508.997401,938,2212.055573
1986.648097,540,2213.229731
992.558362,267,2213.750799
2862.539877,773,2215.383241
1220.531604,325,2216.025619
2274.410307,619,2217.268813
1554.722139,406,2218.188119
1748.661685,461,2219.108245
1545.492272,411,2220.032606
2685.707386,733,2221.457984
1479.283057,394,2222.33413
1803.734798,479,2223.232523
1482.536396,399,2224.129527
1733.592754,468,2225.038152
1189.700779,320,2225.657035
2229.547922,604,2226.95498
1051.237142,284,2227.504181
2764.178368,749,2229.077826
1318.329875,361,2229.776992
1591.417683,416,2230.713472
1488.772069,394,2231.475325
2638.102335,721,2232.999184
3565.152885,1000,2235.06369
3541.937738,1000,2237.123074
3547.954365,1000,2239.195239
1211.110477,326,2239.829088
3046.404604,818,2241.544375
1594.585576,440,2242.396195
2509.644618,680,2243.849219
2473.037638,648,2245.195629
3452.265724,915,2247.086731
1450.415284,381,2247.825084
2309.037164,624,2249.161203
3548.428338,1000,2251.103327
2771.963876,736,2252.5698
1166.700266,310,2253.157833
2270.44855,615,2254.129092
2538.315922,682,2255.264677
3156.488928,846,2256.906965
1765.798523,477,2257.83174
2282.422154,603,2259.145921
1117.129567,287,2259.719906
961.103723,260,2260.239111
1684.280399,450,2261.246823
2035.321532,549,2262.327774
1123.297255,298,2262.904111
1728.394146,468,2263.939805
2622.519946,698,2265.422024
2502.129706,662,2266.70291
2498.454401,669,2268.121406
2380.191566,634,2269.459966
1670.09467,456,2270.334496
1050.2622,294,2270.904623
1951.143345,520,2272.04026
2873.592598,763,2273.689317
2147.953127,565,2274.78682
1627.498395,433,2275.626571
898.990506,240,2276.223785
2621.182647,700,2277.566709
2478.94519,678,2278.977327
1605.720894,428,2279.809853
2597.527462,701,2281.295517
2751.885272,736,2282.848482
1672.175892,448,2283.712429
1592.177607,423,2284.665362
1985.095318,532,2285.698679
2291.280513,603,2286.997976
1945.789605,527,2288.023649
3121.552773,829,2289.802147
3624.917781,1000,2291.897627
3450.201326,919,2293.809471
2152.254441,567,2295.035234
2824.693424,754,2296.480458
3765.209247,1000,2298.269006
3207.359557,846,2299.711
1058.434286,276,2300.146499
1779.357192,477,2301.090027
1489.107782,399,2301.826064
1752.646198,473,2302.863597
1331.099877,352,2303.547561
2062.433488,545,2304.729115
1692.526895,445,2305.610527
1449.497073,389,2306.389055
2181.981404,580,2307.643758
2090.243958,555,2308.844906
1578.482495,413,2309.62923
1570.864128,412,2310.405808
2368.698838,637,2311.764991
3737.175659,990,2313.804909
1567.185646,411,2314.60229
1705.471957,452,2315.603792
1296.317866,335,2316.252813
2537.780526,670,2317.678359
3655.312239,1000,2319.744919
1428.672969,383,2320.485449
1619.343359,424,2321.433266
3632.480908,1000,2323.365091
2759.843337,721,2324.887369
1551.379359,413,2325.815496
2060.985781,543,2326.856774
1631.13508,434,2327.797171
2137.439024,565,2328.883374
1785.599688,482,2329.946144
1611.49203,425,2330.770957
3635.106218,1000,2332.831103
1414.438351,375,2333.56524
3588.762836,1000,2335.711273
3704.34019,1000,2337.796695
1978.500854,527,2338.945284
3595.729713,1000,2340.959986
1731.203752,460,2341.848713
1607.958869,431,2342.811468
3449.936423,921,2344.545719
1382.612888,372,2345.130525
3248.132364,865,2346.572309
2492.44528,676,2347.732178
2182.645141,577,2348.967072
2583.957915,691,2350.442673
1530.06215,398,2351.238043
1584.896065,416,2352.063781
1755.559618,478,2353.118706
3619.835726,1000,2355.194215
2861.799162,773,2356.815847
1589.889731,422,2357.634299
1280.09339,344,2358.297999
1443.482768,389,2359.184687
2873.457544,757,2360.776647
3582.577402,1000,2362.714385
1594.846902,420,2363.660953
2285.065941,603,2364.828656
